,FreeNet_pre_score,FreeNet_post_score,FreeNet_pre_rank,FreeNet_post_rank,FreeNet_delta_ranks,Reversed_pre_score,Reversed_post_score,Reversed_pre_rank,Reversed_post_rank,Reversed_delta_ranks,Independent_pre_score,Independent_post_score,Independent_pre_rank,Independent_post_rank,Independent_delta_ranks,dist_victim_relayer,out_deg_victim,in_deg_villain,victim,villain,relayer
0,76,282,61.5,94.0,32.5,82,82,51.5,51.5,0.0,76,82,62.0,64.5,2.5,3,7,6,43,34,31
1,80,696,61.5,100.0,38.5,106,106,74.5,74.5,0.0,80,106,63.5,78.5,15.0,2,7,6,62,28,16
2,0,206,13.0,96.0,83.0,0,18,13.0,38.0,25.0,0,18,13.0,44.0,31.0,3,3,0,75,66,44
3,8,108,38.0,83.0,45.0,20,20,37.5,37.5,0.0,8,10,38.0,39.0,1.0,4,4,2,78,74,43
4,84,700,55.0,100.0,45.0,276,276,79.5,79.5,0.0,84,178,55.0,86.0,31.0,2,17,5,20,25,32
5,1,1,26.5,26.5,0.0,6,6,26.5,26.5,0.0,1,1,26.5,26.5,0.0,-1,6,1,32,78,89
6,420,1036,100.0,100.0,0.0,176,176,100.0,100.0,0.0,176,176,100.0,100.0,0.0,2,5,27,50,10,11
7,64,165,64.0,85.0,21.0,60,60,60.0,60.0,0.0,60,60,65.0,65.0,0.0,5,5,7,70,48,55
8,126,742,80.0,100.0,20.0,190,190,81.0,81.0,0.0,126,190,80.0,88.0,8.0,2,11,7,33,48,24
9,2,618,27.5,99.0,71.5,13,84,27.0,40.5,13.5,2,55,27.5,54.0,26.5,2,12,1,14,68,57
10,0,206,12.5,92.0,79.5,0,14,12.5,32.5,20.0,0,6,12.5,33.5,21.0,3,3,0,87,92,46
11,28,644,44.5,100.0,55.5,64,74,41.0,42.5,1.5,28,74,44.5,61.5,17.0,2,9,3,31,43,37
12,0,0,13.0,13.0,0.0,0,0,13.0,13.0,0.0,0,0,13.0,13.0,0.0,-1,6,0,32,85,98
13,0,102,12.5,84.0,71.5,0,3,12.5,27.0,14.5,0,2,12.5,28.5,16.0,4,2,0,98,79,55
14,84,290,64.5,95.0,30.5,110,110,82.0,82.0,0.0,84,110,63.5,83.0,19.5,3,6,6,48,28,19
15,0,0,13.0,13.0,0.0,0,0,13.0,13.0,0.0,0,0,13.0,13.0,0.0,-1,12,0,2,98,69
16,135,751,81.0,100.0,19.0,178,198,82.0,87.0,5.0,135,198,81.0,91.0,10.0,2,10,8,1,57,27
17,100,100,70.5,70.5,0.0,100,100,52.5,52.5,0.0,100,100,70.5,70.5,0.0,2,11,36,38,2,44
18,100,100,70.0,70.0,0.0,100,100,50.5,50.5,0.0,100,100,70.0,70.0,0.0,2,10,5,12,25,13
19,22,228,43.5,91.0,47.5,42,42,38.0,38.0,0.0,22,42,43.5,52.0,8.5,3,6,2,41,56,44
20,88,1728,60.0,100.0,40.0,164,198,76.5,84.0,7.5,88,146,60.0,82.5,22.5,1,10,4,11,38,72
21,0,206,13.0,86.0,73.0,0,28,13.0,31.0,18.0,0,13,13.0,34.0,21.0,3,8,0,27,86,64
22,92,708,66.0,100.0,34.0,118,128,71.0,75.5,4.5,92,128,66.0,80.5,14.5,2,8,8,57,20,23
23,53,155,63.0,89.0,26.0,38,38,58.0,58.0,0.0,38,38,60.0,60.0,0.0,4,3,8,66,57,55
24,91,707,61.0,100.0,39.0,100,100,65.0,65.0,0.0,91,100,62.0,68.0,6.0,2,6,6,40,35,62
25,100,100,67.0,67.0,0.0,100,100,50.0,50.0,0.0,100,100,67.0,67.0,0.0,3,12,29,6,0,94
26,40,246,46.0,94.0,48.0,160,160,65.0,65.0,0.0,40,46,46.0,47.5,1.5,3,15,3,7,46,71
27,151,253,87.0,95.0,8.0,78,78,79.0,79.0,0.0,78,78,80.0,80.0,0.0,4,4,16,78,12,88
28,214,316,89.0,95.0,6.0,236,236,94.0,94.0,0.0,214,216,92.0,92.0,0.0,4,10,8,22,8,65
29,40,246,51.0,91.0,40.0,84,84,40.0,40.0,0.0,40,66,51.5,58.0,6.5,3,11,2,38,42,28
30,0,206,13.0,90.0,77.0,0,32,13.0,36.5,23.5,0,32,13.0,49.5,36.5,3,6,0,74,93,20
31,0,206,13.0,95.0,82.0,0,14,13.0,32.5,19.5,0,6,13.0,31.5,18.5,3,3,0,94,79,71
32,90,690,64.0,100.0,36.0,122,122,70.0,70.0,0.0,90,122,64.0,78.0,14.0,2,8,6,27,77,35
33,132,1732,83.0,100.0,17.0,216,216,97.5,97.5,0.0,132,216,83.0,97.5,14.5,1,9,5,35,25,12
34,0,206,13.0,93.0,80.0,0,14,13.0,33.0,20.0,0,10,13.0,38.5,25.5,3,5,0,49,86,41
35,58,58,57.0,57.0,0.0,96,96,64.0,64.0,0.0,58,58,57.0,57.0,0.0,-1,7,3,62,54,67
36,0,0,13.0,13.0,0.0,0,0,13.0,13.0,0.0,0,0,13.0,13.0,0.0,-1,9,0,35,91,86
37,105,1745,83.0,100.0,17.0,64,88,71.5,83.5,12.0,64,88,73.0,83.5,10.5,1,4,13,78,24,11
38,24,24,51.0,51.0,0.0,22,22,49.5,49.5,0.0,22,22,52.0,52.0,0.0,-1,2,3,68,54,50
39,100,100,67.0,67.0,0.0,100,100,50.0,50.0,0.0,100,100,67.0,67.0,0.0,2,12,29,6,0,37
40,2,208,28.5,94.0,65.5,4,10,27.5,33.5,6.0,2,10,28.5,38.5,10.0,3,3,1,81,68,73
41,104,310,80.0,95.0,15.0,80,80,61.5,61.5,0.0,80,80,66.5,66.5,0.0,3,5,9,50,39,24
42,0,102,13.0,77.0,64.0,0,11,13.0,25.5,12.5,0,2,13.0,26.5,13.5,4,10,0,1,82,55
43,0,206,13.0,90.5,77.5,0,33,13.0,29.0,16.0,0,8,13.0,33.0,20.0,3,13,0,13,97,74
44,82,82,69.5,69.5,0.0,48,48,64.0,64.0,0.0,48,48,65.5,65.5,0.0,-1,3,8,87,20,76
45,0,0,13.0,13.0,0.0,0,0,13.0,13.0,0.0,0,0,13.0,13.0,0.0,-1,3,0,94,98,66
46,40,142,55.0,89.0,34.0,62,62,77.5,77.5,0.0,40,44,61.0,62.0,1.0,4,3,1,75,90,63
47,80,286,69.5,96.0,26.5,60,60,56.5,56.5,0.0,60,60,65.0,65.0,0.0,3,5,9,45,31,25
48,112,112,84.0,84.0,0.0,78,78,77.5,77.5,0.0,78,78,78.0,78.0,0.0,-1,4,8,73,8,96
49,2,2,26.0,26.0,0.0,13,13,26.0,26.0,0.0,2,2,26.0,26.0,0.0,-1,12,2,2,58,67
50,0,206,13.0,92.0,79.0,0,11,13.0,33.0,20.0,0,6,13.0,34.0,21.0,3,4,0,77,59,42
51,22,228,47.0,95.0,48.0,28,28,50.0,50.0,0.0,22,28,47.0,51.0,4.0,3,3,2,60,52,8
52,2,618,27.0,100.0,73.0,12,58,27.5,35.5,8.0,2,24,27.0,45.0,18.0,2,10,2,18,58,52
53,128,230,80.0,91.5,11.5,188,188,81.0,81.0,0.0,128,130,80.0,80.0,0.0,4,10,6,18,26,60
54,0,0,13.0,13.0,0.0,0,0,13.0,13.0,0.0,0,0,13.0,13.0,0.0,-1,16,0,9,93,66
55,0,0,13.0,13.0,0.0,0,0,13.0,13.0,0.0,0,0,13.0,13.0,0.0,-1,9,0,28,36,76
56,16,16,37.5,37.5,0.0,96,96,44.0,44.0,0.0,16,16,37.5,37.5,0.0,-1,11,2,5,94,99
57,240,240,95.0,95.0,0.0,72,72,82.5,82.5,0.0,72,72,82.5,82.5,0.0,-1,3,22,64,9,40
58,58,264,63.5,97.0,33.5,78,78,80.0,80.0,0.0,58,78,70.0,80.0,10.0,3,4,6,72,73,41
59,0,616,12.5,100.0,87.5,0,38,12.5,34.5,22.0,0,38,12.5,48.5,36.0,2,6,1,40,45,31
60,0,616,13.0,100.0,87.0,0,158,13.0,66.0,53.0,0,158,13.0,86.0,73.0,2,13,1,13,50,0
61,100,100,82.5,82.5,0.0,100,100,97.5,97.5,0.0,100,100,97.5,97.5,0.0,2,3,3,92,46,19
62,149,251,84.0,94.0,10.0,180,180,92.0,92.0,0.0,149,151,84.0,84.0,0.0,4,8,8,15,57,49
63,44,250,57.0,97.0,40.0,22,22,58.5,58.5,0.0,22,22,60.0,60.0,0.0,3,2,4,95,38,25
64,197,813,88.0,100.0,12.0,208,208,87.0,87.0,0.0,208,208,91.5,91.5,0.0,2,10,15,18,19,22
65,100,100,82.0,82.0,0.0,100,100,99.0,99.0,0.0,100,100,99.0,99.0,0.0,3,2,16,93,18,43
66,60,266,62.0,95.0,33.0,70,70,65.0,65.0,0.0,60,70,65.0,70.0,5.0,3,5,5,45,47,38
67,42,42,50.5,50.5,0.0,84,84,65.5,65.5,0.0,42,42,51.0,51.0,0.0,-1,5,2,50,61,69
68,0,206,12.5,92.5,80.0,0,10,12.5,29.5,17.0,0,7,12.5,33.0,20.5,3,3,0,82,36,61
69,47,47,62.0,62.0,0.0,28,28,50.0,50.0,0.0,28,28,53.5,53.5,0.0,-1,3,8,58,44,76
70,16,1656,41.5,100.0,58.5,28,52,45.0,74.0,29.0,16,52,41.5,76.0,34.5,1,3,1,82,90,30
71,0,616,13.0,100.0,87.0,0,58,13.0,41.5,28.5,0,50,13.0,55.0,42.0,2,7,0,24,86,26
72,112,728,75.0,100.0,25.0,102,102,69.0,69.0,0.0,112,102,78.5,76.0,-2.5,2,7,8,43,20,39
73,98,714,65.0,100.0,35.0,166,166,84.5,84.5,0.0,98,166,65.0,88.5,23.5,2,8,5,15,25,24
74,58,160,69.0,92.0,23.0,32,32,72.0,72.0,0.0,32,32,73.0,73.0,0.0,4,2,6,98,34,54
75,154,1754,88.5,100.0,11.5,94,94,79.5,79.5,0.0,94,94,80.0,80.0,0.0,1,5,16,88,12,35
76,71,687,56.0,100.0,44.0,102,102,67.0,67.0,0.0,71,102,56.0,75.0,19.0,2,8,6,10,35,17
77,102,718,73.5,100.0,26.5,118,118,64.0,64.0,0.0,102,118,73.5,77.0,3.5,2,8,7,42,48,41
78,18,634,45.5,100.0,54.5,14,28,37.0,49.5,12.5,18,28,45.5,51.0,5.5,2,3,4,60,64,16
79,100,100,70.5,70.5,0.0,100,100,46.0,46.0,0.0,100,100,70.5,70.5,0.0,-1,14,40,17,3,96
80,78,284,60.0,95.0,35.0,94,94,71.5,71.5,0.0,78,94,64.0,73.0,9.0,3,5,7,50,62,54
81,146,247,90.0,97.0,7.0,72,72,84.0,84.0,0.0,72,72,84.5,84.5,0.0,6,3,16,75,12,78
82,63,679,54.5,100.0,45.5,106,106,68.0,68.0,0.0,63,106,54.5,75.0,20.5,2,7,4,46,22,12
83,163,369,85.0,96.0,11.0,136,136,83.0,83.0,0.0,136,136,83.5,83.5,0.0,3,7,15,43,19,25
84,100,100,67.5,67.5,0.0,100,100,47.5,47.5,0.0,100,100,67.5,67.5,0.0,2,14,13,25,33,0
85,258,1898,94.0,100.0,6.0,176,200,88.0,95.0,7.0,176,200,90.5,95.0,4.5,1,8,16,42,12,33
86,0,0,12.5,12.5,0.0,0,0,12.5,12.5,0.0,0,0,12.5,12.5,0.0,-1,3,0,96,81,50
87,0,101,13.0,73.0,60.0,0,10,13.0,25.0,12.0,0,1,13.0,25.0,12.0,5,10,1,22,45,68
88,133,133,87.0,87.0,0.0,78,78,80.0,80.0,0.0,78,78,80.5,80.5,0.0,-1,4,18,72,5,87
89,0,616,13.0,100.0,87.0,0,92,13.0,35.5,22.5,0,44,13.0,51.0,38.0,2,14,0,16,87,38
90,46,662,54.5,100.0,45.5,56,66,49.5,54.0,4.5,46,66,54.5,59.0,4.5,2,6,6,74,28,62
91,0,616,13.0,100.0,87.0,0,74,13.0,45.5,32.5,0,74,13.0,64.0,51.0,2,8,0,39,93,15
92,16,1656,47.5,100.0,52.5,12,46,43.5,83.0,39.5,12,46,43.5,83.0,39.5,1,2,6,95,41,16
93,1,103,25.5,80.0,54.5,3,6,25.5,29.5,4.0,1,3,25.5,31.0,5.5,4,3,1,87,68,94
94,54,260,63.5,97.5,34.0,32,32,75.5,75.5,0.0,32,32,75.5,75.5,0.0,3,2,7,95,48,57
95,0,0,13.0,13.0,0.0,0,0,13.0,13.0,0.0,0,0,13.0,13.0,0.0,-1,10,0,18,80,79
96,10,111,36.0,80.0,44.0,30,30,39.5,39.5,0.0,10,10,36.0,36.0,0.0,5,5,3,88,43,60
97,100,100,73.0,73.0,0.0,100,100,61.0,61.0,0.0,100,100,73.0,73.0,0.0,3,8,29,57,1,90
98,0,0,13.0,13.0,0.0,0,0,13.0,13.0,0.0,0,0,13.0,13.0,0.0,-1,10,0,18,84,50
99,100,100,80.5,80.5,0.0,100,100,96.5,96.5,0.0,100,100,96.5,96.5,0.0,3,3,27,75,10,6
100,22,123,46.5,79.0,32.5,66,66,51.0,51.0,0.0,22,23,46.5,48.0,1.5,5,6,2,44,61,60
101,32,32,52.0,52.0,0.0,38,38,57.5,57.5,0.0,32,32,58.0,58.0,0.0,-1,3,2,58,75,92
102,56,262,66.0,99.0,33.0,22,22,58.5,58.5,0.0,22,22,59.0,59.0,0.0,3,2,6,93,13,22
103,503,2103,99.0,100.0,1.0,392,392,100.0,100.0,0.0,392,392,100.0,100.0,0.0,1,14,29,25,11,32
104,6,212,33.5,94.5,61.0,10,14,34.0,36.5,2.5,6,14,33.5,42.0,8.5,3,3,1,81,49,83
105,0,102,13.0,74.0,61.0,0,9,13.0,25.5,12.5,0,2,13.0,26.5,13.5,4,8,0,10,76,95
106,100,100,77.5,77.5,0.0,100,100,98.5,98.5,0.0,100,100,98.5,98.5,0.0,5,3,6,94,34,42
107,50,256,59.5,96.5,37.0,38,38,58.0,58.0,0.0,38,38,60.0,60.0,0.0,3,3,6,66,28,75
108,100,716,79.0,100.0,21.0,72,72,83.0,83.0,0.0,72,72,83.0,83.0,0.0,2,3,6,82,13,64
109,232,232,95.0,95.0,0.0,64,64,71.5,71.5,0.0,64,64,73.0,73.0,0.0,-1,4,27,78,10,93
110,64,1704,59.5,100.0,40.5,124,158,67.0,79.5,12.5,64,158,59.5,83.5,24.0,1,9,4,54,38,10
111,12,218,38.0,94.5,56.5,12,12,36.0,36.0,0.0,12,12,38.5,38.5,0.0,3,2,2,91,83,14
112,16,118,38.0,79.5,41.5,88,88,49.0,49.0,0.0,16,19,38.0,41.0,3.0,4,8,1,39,90,56
113,74,274,66.5,95.0,28.5,48,48,64.0,64.0,0.0,48,48,65.5,65.5,0.0,3,3,9,87,27,25
114,207,207,93.0,93.0,0.0,198,198,87.0,87.0,0.0,198,198,92.5,92.5,0.0,-1,10,15,36,19,99
115,0,206,13.0,93.0,80.0,0,18,13.0,40.0,27.0,0,18,13.0,45.5,32.5,3,3,0,55,67,19
116,100,100,81.5,81.5,0.0,100,100,99.0,99.0,0.0,100,100,99.0,99.0,0.0,-1,2,40,89,3,96
117,134,235,83.0,95.0,12.0,80,80,68.0,68.0,0.0,80,80,69.0,69.0,0.0,5,5,18,63,30,58
118,0,1640,13.0,100.0,87.0,0,178,13.0,69.0,56.0,0,178,13.0,84.0,71.0,1,14,0,25,59,9
119,68,68,66.0,66.0,0.0,56,56,86.5,86.5,0.0,56,56,87.0,87.0,0.0,-1,2,4,91,72,59
120,86,86,60.0,60.0,0.0,118,118,89.5,89.5,0.0,86,86,67.0,67.0,0.0,-1,5,6,52,70,50
121,0,616,13.0,100.0,87.0,0,156,13.0,66.5,53.5,0,156,13.0,80.0,67.0,2,16,1,9,69,0
122,8,214,38.0,94.0,56.0,20,20,37.5,37.5,0.0,8,20,38.0,50.0,12.0,3,4,2,78,74,27
123,40,40,53.0,53.0,0.0,106,106,66.5,66.5,0.0,40,40,53.5,53.5,0.0,-1,7,3,24,46,85
124,22,228,42.5,92.0,49.5,36,36,37.5,37.5,0.0,22,31,42.5,48.0,5.5,3,5,3,50,51,64
125,16,632,35.0,100.0,65.0,74,92,35.5,39.0,3.5,16,38,35.0,43.5,8.5,2,14,1,25,49,29
126,0,206,13.0,90.0,77.0,0,43,13.0,30.0,17.0,0,15,13.0,31.0,18.0,3,14,0,8,84,73
127,110,110,80.0,80.0,0.0,120,120,88.0,88.0,0.0,110,110,86.5,86.5,0.0,-1,6,7,32,21,92
128,0,102,12.5,75.0,62.5,0,7,12.5,26.5,14.0,0,2,12.5,27.0,14.5,4,5,0,80,66,95
129,0,616,13.0,100.0,87.0,0,46,13.0,38.0,25.0,0,46,13.0,50.5,37.5,2,6,0,71,96,15
130,0,616,13.0,100.0,87.0,0,154,13.0,65.5,52.5,0,154,13.0,84.0,71.0,2,14,0,17,80,16
131,334,950,95.0,100.0,5.0,216,216,85.0,85.0,0.0,216,216,87.0,87.0,0.0,2,12,29,2,0,23
132,42,658,54.0,100.0,46.0,62,62,77.5,77.5,0.0,42,62,55.0,77.5,22.5,2,3,2,87,61,10
133,139,241,85.0,95.0,10.0,64,64,71.5,71.5,0.0,64,64,73.0,73.0,0.0,4,4,18,78,5,64
134,12,628,36.0,100.0,64.0,50,60,36.5,38.5,2.0,12,28,36.0,44.0,8.0,2,9,2,54,74,90
135,77,1717,63.0,100.0,37.0,86,110,56.5,81.0,24.5,86,110,65.5,83.0,17.5,1,6,8,48,44,62
136,66,167,69.5,91.0,21.5,38,38,65.5,65.5,0.0,38,38,67.5,67.5,0.0,5,3,7,92,21,65
137,84,185,58.5,89.5,31.0,126,126,78.5,78.5,0.0,84,85,59.5,60.0,0.5,5,7,5,46,25,58
138,6,212,37.0,97.0,60.0,12,12,45.5,45.5,0.0,6,12,37.0,47.5,10.5,3,2,1,97,71,18
139,0,616,13.0,100.0,87.0,0,54,13.0,34.0,21.0,0,24,13.0,44.0,31.0,2,12,0,3,82,73
140,0,206,13.0,93.0,80.0,0,24,13.0,39.5,26.5,0,24,13.0,49.5,36.5,3,4,0,73,76,48
141,0,0,13.0,13.0,0.0,0,0,13.0,13.0,0.0,0,0,13.0,13.0,0.0,-1,9,0,29,67,91
142,2,1642,26.0,100.0,74.0,15,178,26.0,69.0,43.0,2,178,26.0,84.0,58.0,1,14,1,25,78,1
143,36,652,50.0,100.0,50.0,84,84,46.5,46.5,0.0,36,52,50.0,55.0,5.0,2,9,6,28,73,53
144,33,239,57.0,97.0,40.0,22,22,57.0,57.0,0.0,22,22,58.5,58.5,0.0,3,2,6,86,35,32
145,244,450,97.0,100.0,3.0,80,80,96.0,96.0,0.0,80,80,96.0,96.0,0.0,3,2,22,68,9,54
146,74,176,56.0,84.0,28.0,168,168,67.5,67.5,0.0,68,68,54.0,54.0,0.0,4,14,6,25,41,68
147,16,632,41.0,100.0,59.0,38,48,40.0,46.0,6.0,16,48,41.0,56.0,15.0,2,6,2,32,42,14
148,90,90,68.0,68.0,0.0,60,60,53.0,53.0,0.0,60,60,58.0,58.0,0.0,-1,5,9,37,31,40
149,100,100,74.0,74.0,0.0,100,100,89.0,89.0,0.0,100,100,89.0,89.0,0.0,-1,4,40,53,3,81
150,94,710,69.0,100.0,31.0,94,94,71.5,71.5,0.0,94,94,73.5,73.5,0.0,2,5,5,50,47,46
151,54,54,59.5,59.5,0.0,60,60,56.5,56.5,0.0,54,54,60.5,60.5,0.0,-1,5,7,45,62,67
152,176,176,88.0,88.0,0.0,118,118,73.0,73.0,0.0,118,118,82.0,82.0,0.0,-1,9,14,23,14,92
153,146,146,83.5,83.5,0.0,110,110,80.5,80.5,0.0,110,110,83.5,83.5,0.0,-1,6,14,74,14,36
154,60,162,66.5,87.0,20.5,48,48,68.5,68.5,0.0,48,48,70.0,70.0,0.0,4,3,6,82,28,49
155,32,133,47.0,83.0,36.0,82,82,39.0,39.0,0.0,32,32,47.0,47.0,0.0,5,11,3,38,51,78
156,40,246,59.0,97.0,38.0,52,52,81.0,81.0,0.0,40,46,67.5,68.0,0.5,3,3,1,81,90,46
157,0,0,13.0,13.0,0.0,0,0,13.0,13.0,0.0,0,0,13.0,13.0,0.0,-1,14,1,25,45,67
158,0,0,12.5,12.5,0.0,0,0,12.5,12.5,0.0,0,0,12.5,12.5,0.0,-1,3,0,81,84,98
159,249,249,96.0,96.0,0.0,48,48,67.5,67.5,0.0,48,48,69.0,69.0,0.0,-1,3,30,64,7,67
160,100,100,74.5,74.5,0.0,100,100,81.5,81.5,0.0,100,100,82.5,82.5,0.0,2,5,15,37,16,77
161,0,0,13.0,13.0,0.0,0,0,13.0,13.0,0.0,0,0,13.0,13.0,0.0,-1,6,0,51,99,92
162,130,130,85.0,85.0,0.0,48,48,64.0,64.0,0.0,48,48,65.5,65.5,0.0,-1,3,18,87,30,66
163,6,212,31.0,92.0,61.0,15,20,28.5,32.5,4.0,6,20,31.0,40.0,9.0,3,6,1,56,55,24
164,362,362,96.0,96.0,0.0,240,240,97.5,97.5,0.0,240,240,97.5,97.5,0.0,-1,9,22,31,9,96
165,2,618,28.0,100.0,72.0,17,94,29.0,47.5,18.5,2,94,28.0,65.0,37.0,2,9,1,54,55,15
166,0,1640,13.0,100.0,87.0,0,146,13.0,67.0,54.0,0,146,13.0,84.5,71.5,1,12,0,3,93,16
167,29,235,54.0,94.0,40.0,38,38,60.0,60.0,0.0,38,38,62.0,62.0,0.0,3,3,4,76,22,53
168,0,616,13.0,100.0,87.0,0,74,13.0,41.5,28.5,0,74,13.0,61.0,48.0,2,9,0,54,85,9
169,0,616,13.0,100.0,87.0,0,54,13.0,38.0,25.0,0,54,13.0,55.0,42.0,2,8,0,10,98,19
170,0,0,13.0,13.0,0.0,0,0,13.0,13.0,0.0,0,0,13.0,13.0,0.0,-1,9,0,29,36,79
171,16,632,35.5,100.0,64.5,52,64,36.5,40.5,4.0,16,64,35.5,57.5,22.0,2,9,1,31,49,6
172,28,28,48.0,48.0,0.0,50,50,48.0,48.0,0.0,28,28,48.0,48.0,0.0,-1,5,3,80,54,93
173,48,254,58.5,93.0,34.5,58,58,69.0,69.0,0.0,48,54,59.0,64.0,5.0,3,4,4,84,64,53
174,100,100,73.0,73.0,0.0,100,100,59.0,59.0,0.0,100,100,73.0,73.0,0.0,3,8,14,30,14,53
175,100,100,71.0,71.0,0.0,100,100,61.0,61.0,0.0,100,100,71.0,71.0,0.0,4,8,29,21,1,65
176,147,353,92.0,100.0,8.0,56,56,89.5,89.5,0.0,56,56,90.0,90.0,0.0,3,2,16,98,12,27
177,46,252,54.0,95.0,41.0,70,70,51.0,51.0,0.0,46,58,54.0,59.0,5.0,3,6,2,48,74,29
178,151,151,87.0,87.0,0.0,78,78,79.0,79.0,0.0,78,78,80.0,80.0,0.0,-1,4,16,78,12,99
179,102,702,85.0,100.0,15.0,46,46,85.5,85.5,0.0,46,46,85.5,85.5,0.0,2,2,8,93,8,1
180,2,1642,31.0,100.0,69.0,8,50,32.0,58.0,26.0,2,50,31.0,62.0,31.0,1,4,1,77,65,35
181,100,100,72.0,72.0,0.0,100,100,71.5,71.5,0.0,100,100,78.0,78.0,0.0,3,6,30,51,7,49
182,83,185,62.0,86.0,24.0,66,66,50.5,50.5,0.0,66,66,58.0,58.0,0.0,4,6,8,41,57,95
183,0,616,13.0,100.0,87.0,0,70,13.0,38.5,25.5,0,49,13.0,52.0,39.0,2,10,0,22,59,39
184,90,191,75.0,91.0,16.0,54,54,64.5,64.5,0.0,54,54,68.5,68.5,0.0,5,4,14,72,32,65
185,304,304,96.5,96.5,0.0,128,128,97.5,97.5,0.0,128,128,97.5,97.5,0.0,-1,5,27,49,10,80
186,16,16,35.0,35.0,0.0,124,124,61.0,61.0,0.0,16,16,35.0,35.0,0.0,-1,14,1,17,90,66
187,87,293,70.0,95.0,25.0,72,72,83.0,83.0,0.0,72,72,83.0,83.0,0.0,3,3,8,82,57,83
188,16,632,36.5,100.0,63.5,68,78,42.5,45.0,2.5,16,40,36.5,47.5,11.0,2,8,2,42,94,54
189,120,736,82.0,100.0,18.0,70,70,69.5,69.5,0.0,70,70,72.5,72.5,0.0,2,5,17,70,6,23
190,100,100,68.0,68.0,0.0,100,100,51.0,51.0,0.0,100,100,68.0,68.0,0.0,3,12,6,3,77,34
191,16,222,44.0,94.0,50.0,34,34,51.0,51.0,0.0,16,34,44.0,57.5,13.5,3,4,1,72,53,31
192,100,100,80.5,80.5,0.0,100,100,96.5,96.5,0.0,100,100,96.5,96.5,0.0,2,3,29,75,0,12
193,24,230,48.5,96.0,47.5,38,38,52.5,52.5,0.0,24,38,48.5,55.5,7.0,3,3,6,75,70,19
194,16,632,37.5,100.0,62.5,100,130,51.0,62.0,11.0,16,130,37.5,80.0,42.5,2,10,3,18,46,11
195,0,616,13.0,100.0,87.0,0,24,13.0,43.0,30.0,0,24,13.0,48.5,35.5,2,3,0,58,82,48
196,22,638,46.5,100.0,53.5,46,76,42.5,52.0,9.5,22,76,46.5,63.5,17.0,2,6,2,59,52,15
197,210,826,91.0,100.0,9.0,104,104,86.0,86.0,0.0,104,104,86.5,86.5,0.0,2,5,16,50,12,47
198,47,253,54.0,93.0,39.0,40,40,46.5,46.5,0.0,40,40,53.0,53.0,0.0,3,5,6,70,35,46
199,78,180,70.5,92.5,22.0,22,22,49.5,49.5,0.0,22,22,52.0,52.0,0.0,4,2,14,91,14,64
200,0,102,12.5,80.0,67.5,0,6,12.5,29.5,17.0,0,3,12.5,31.0,18.5,4,3,1,87,69,83
201,278,894,95.0,100.0,5.0,344,344,93.0,93.0,0.0,278,344,95.0,98.0,3.0,2,17,15,20,16,12
202,0,101,13.0,74.0,61.0,0,5,13.0,25.5,12.5,0,1,13.0,25.5,12.5,5,5,0,63,98,68
203,2,2,29.0,29.0,0.0,5,5,27.5,27.5,0.0,2,2,29.0,29.0,0.0,-1,3,1,87,55,86
204,88,88,65.0,65.0,0.0,110,110,77.5,77.5,0.0,88,88,65.0,65.0,0.0,-1,6,4,44,38,76
205,226,226,92.0,92.0,0.0,246,246,87.5,87.5,0.0,226,226,91.0,91.0,0.0,-1,13,18,13,30,69
206,492,698,98.0,100.0,2.0,400,400,99.5,99.5,0.0,400,400,99.5,99.5,0.0,3,13,29,13,0,29
207,84,186,60.5,88.0,27.5,212,212,79.5,79.5,0.0,84,86,60.5,62.0,1.5,4,13,5,13,25,65
208,6,212,32.0,90.0,58.0,20,20,33.0,33.0,0.0,6,12,32.0,35.5,3.5,3,6,1,74,88,94
209,0,206,13.0,92.0,79.0,0,22,13.0,29.0,16.0,0,8,13.0,35.0,22.0,3,11,0,19,96,63
210,6,6,34.0,34.0,0.0,18,18,39.5,39.5,0.0,6,6,34.0,34.0,0.0,-1,3,2,87,94,99
211,1,1,26.0,26.0,0.0,2,2,26.0,26.0,0.0,1,1,26.0,26.0,0.0,-1,2,2,89,58,96
212,66,682,60.0,100.0,40.0,130,160,67.0,75.5,8.5,66,160,61.0,83.0,22.0,2,10,6,12,34,6
213,22,124,48.5,83.0,34.5,38,38,60.0,60.0,0.0,22,38,49.5,61.0,11.5,4,3,2,94,83,64
214,0,616,13.0,100.0,87.0,0,24,13.0,34.0,21.0,0,18,13.0,43.5,30.5,2,5,0,88,40,52
215,86,1726,69.5,100.0,30.5,64,88,71.0,84.0,13.0,64,88,72.0,84.0,12.0,1,4,6,73,13,83
216,12,218,38.0,91.0,53.0,44,48,37.0,38.0,1.0,12,48,38.0,56.0,18.0,3,8,3,57,51,13
217,516,516,100.0,100.0,0.0,152,152,96.5,96.5,0.0,152,152,96.5,96.5,0.0,-1,5,40,52,3,96
218,100,100,68.5,68.5,0.0,100,100,49.0,49.0,0.0,100,100,68.5,68.5,0.0,-1,12,29,14,11,66
219,37,237,52.0,92.0,40.0,40,40,42.5,42.5,0.0,40,40,54.5,54.5,0.0,3,5,6,80,35,24
220,12,218,38.5,96.0,57.5,18,18,38.5,38.5,0.0,12,18,38.5,44.0,5.5,3,3,2,75,74,52
221,146,352,87.0,96.0,9.0,134,134,90.5,90.5,0.0,134,134,90.5,90.5,0.0,3,6,8,48,8,44
222,6,212,37.0,97.0,60.0,12,12,45.5,45.5,0.0,6,12,37.0,47.5,10.5,3,2,1,97,71,0
223,0,102,13.0,77.0,64.0,0,8,13.0,28.0,15.0,0,2,13.0,28.0,15.0,4,5,0,37,66,88
224,0,0,13.0,13.0,0.0,0,0,13.0,13.0,0.0,0,0,13.0,13.0,0.0,-1,9,0,26,66,85
225,40,40,46.5,46.5,0.0,140,140,66.0,66.0,0.0,40,40,46.5,46.5,0.0,-1,11,1,33,53,80
226,16,632,39.0,100.0,61.0,70,70,55.5,55.5,0.0,16,70,39.0,60.0,21.0,2,5,1,61,90,14
227,6,6,37.0,37.0,0.0,12,12,45.5,45.5,0.0,6,6,37.0,37.0,0.0,-1,2,2,97,94,98
228,22,228,48.0,92.0,44.0,44,44,50.5,50.5,0.0,22,44,48.0,55.0,7.0,3,4,2,79,52,44
229,110,316,74.0,94.0,20.0,116,116,77.5,77.5,0.0,110,116,77.0,79.0,2.0,3,7,7,43,21,46
230,252,868,95.0,100.0,5.0,152,152,99.0,99.0,0.0,152,152,99.0,99.0,0.0,2,5,17,50,6,75
231,268,268,98.0,98.0,0.0,96,96,95.5,95.5,0.0,96,96,95.5,95.5,0.0,-1,3,30,60,7,98
232,70,172,59.0,85.0,26.0,128,128,68.0,68.0,0.0,70,72,59.0,59.0,0.0,4,8,6,15,26,60
233,188,188,85.0,85.0,0.0,132,132,74.5,74.5,0.0,132,132,79.5,79.5,0.0,-1,8,14,27,32,98
234,0,206,13.0,91.0,78.0,0,18,13.0,28.0,15.0,0,6,13.0,29.0,16.0,3,9,1,31,50,88
235,0,616,13.0,100.0,87.0,0,42,13.0,40.0,27.0,0,42,13.0,52.0,39.0,2,6,1,74,50,14
236,0,206,13.0,92.0,79.0,0,26,13.0,31.0,18.0,0,9,13.0,35.0,22.0,3,11,0,19,99,43
237,169,785,82.0,100.0,18.0,170,180,87.0,90.0,3.0,169,180,87.0,90.0,3.0,2,8,8,27,44,9
238,0,206,12.5,93.5,81.0,0,18,12.5,31.5,19.0,0,18,12.5,43.0,30.5,3,5,1,45,50,34
239,172,788,87.5,100.0,12.5,100,110,81.0,87.0,6.0,100,110,81.0,87.0,6.0,2,6,18,69,5,11
240,49,665,57.0,100.0,43.0,76,76,62.0,62.0,0.0,49,76,57.0,65.5,8.5,2,6,4,69,22,54
241,100,100,74.0,74.0,0.0,100,100,78.5,78.5,0.0,100,100,79.5,79.5,0.0,4,5,22,50,9,60
242,118,324,79.0,95.0,16.0,118,118,88.5,88.5,0.0,118,118,89.0,89.0,0.0,3,5,5,61,47,90
243,166,782,85.0,100.0,15.0,198,208,85.5,89.5,4.0,166,208,86.0,92.5,6.5,2,10,9,0,39,41
244,0,101,12.5,86.0,73.5,0,2,12.5,26.0,13.5,0,1,12.5,26.0,13.5,5,2,0,97,89,55
245,32,32,51.0,51.0,0.0,78,78,50.0,50.0,0.0,32,32,51.0,51.0,0.0,-1,8,2,21,52,89
246,78,278,70.5,98.0,27.5,22,22,49.5,49.5,0.0,22,22,52.0,52.0,0.0,3,2,14,91,14,19
247,118,1758,79.0,100.0,21.0,126,150,82.0,90.5,8.5,126,150,84.5,91.5,7.0,1,7,9,62,27,5
248,22,228,42.0,93.0,51.0,76,80,36.5,38.0,1.5,22,30,42.0,46.0,4.0,3,12,2,6,63,75
249,46,46,63.0,63.0,0.0,22,22,58.5,58.5,0.0,22,22,60.5,60.5,0.0,-1,2,6,90,28,59
250,6,212,34.5,93.0,58.5,24,24,40.0,40.0,0.0,6,24,34.5,49.5,15.0,3,4,1,73,71,28
251,72,278,71.0,100.0,29.0,22,22,62.0,62.0,0.0,22,22,62.0,62.0,0.0,3,2,14,99,32,55
252,256,1856,94.5,100.0,5.5,320,320,96.5,96.5,0.0,256,320,93.5,97.5,4.0,1,14,15,8,19,11
253,0,206,13.0,95.0,82.0,0,18,13.0,38.0,25.0,0,18,13.0,46.5,33.5,3,3,0,94,36,1
254,2,208,31.0,92.0,61.0,8,16,32.0,34.0,2.0,2,16,31.0,45.0,14.0,3,4,1,77,65,44
255,110,710,83.0,100.0,17.0,72,72,84.5,84.5,0.0,72,72,84.5,84.5,0.0,2,3,13,76,24,8
256,165,371,90.0,99.0,9.0,72,72,82.5,82.5,0.0,72,72,82.5,82.5,0.0,3,3,20,64,23,70
257,0,616,13.0,100.0,87.0,0,70,13.0,40.0,27.0,0,56,13.0,54.5,41.5,2,9,0,29,86,77
258,0,206,13.0,88.0,75.0,0,28,13.0,35.0,22.0,0,20,13.0,41.0,28.0,3,6,0,41,84,62
259,0,101,13.0,80.5,67.5,0,4,13.0,26.5,13.5,0,1,13.0,26.5,13.5,5,4,0,73,66,60
260,6,6,31.5,31.5,0.0,32,32,33.0,33.0,0.0,6,6,31.5,31.5,0.0,-1,10,1,22,4,45
261,100,100,77.5,77.5,0.0,100,100,97.5,97.5,0.0,100,100,97.5,97.5,0.0,3,3,20,58,23,6
262,100,100,72.0,72.0,0.0,100,100,76.0,76.0,0.0,100,100,76.5,76.5,0.0,2,6,3,56,43,48
263,0,101,12.5,77.0,64.5,0,4,12.5,25.5,13.0,0,1,12.5,25.5,13.0,5,4,0,84,96,60
264,54,54,59.0,59.0,0.0,38,38,57.0,57.0,0.0,38,38,58.5,58.5,0.0,-1,3,7,64,62,50
265,0,206,13.0,94.0,81.0,0,8,13.0,35.5,22.5,0,8,13.0,39.0,26.0,3,2,1,90,69,52
266,82,183,69.5,92.0,22.5,48,48,64.0,64.0,0.0,48,48,65.5,65.5,0.0,5,3,8,87,20,58
267,16,16,37.5,37.5,0.0,54,54,42.0,42.0,0.0,16,16,37.5,37.5,0.0,-1,7,2,46,42,67
268,0,1640,13.0,100.0,87.0,0,216,13.0,72.0,59.0,0,216,13.0,88.0,75.0,1,17,0,20,85,3
269,54,654,58.5,100.0,41.5,70,70,66.5,66.5,0.0,54,70,58.5,68.0,9.5,2,5,7,49,62,48
270,0,206,13.0,91.0,78.0,0,64,13.0,31.0,18.0,0,8,13.0,31.0,18.0,3,16,0,4,97,61
271,140,756,85.0,100.0,15.0,128,128,92.0,92.0,0.0,128,128,92.0,92.0,0.0,2,5,8,63,20,1
272,180,386,90.0,99.0,9.0,94,94,77.0,77.0,0.0,94,94,77.5,77.5,0.0,3,5,16,49,12,13
273,274,1914,96.0,100.0,4.0,144,168,92.0,98.0,6.0,144,168,92.5,98.0,5.5,1,6,22,34,9,2
274,189,389,92.0,100.0,8.0,120,120,92.5,92.5,0.0,120,120,92.5,92.5,0.0,3,6,16,69,18,20
275,122,122,79.0,79.0,0.0,110,110,79.0,79.0,0.0,110,110,82.0,82.0,0.0,-1,6,9,59,39,87
276,100,100,80.5,80.5,0.0,100,100,97.5,97.5,0.0,100,100,97.5,97.5,0.0,2,3,13,85,24,32
277,145,145,86.0,86.0,0.0,220,220,85.5,85.5,0.0,145,145,86.0,86.0,0.0,-1,12,8,14,44,87
278,50,256,57.0,94.0,37.0,48,48,64.0,64.0,0.0,48,48,65.5,65.5,0.0,3,3,6,87,26,32
279,40,656,49.0,100.0,51.0,66,76,48.5,54.5,6.0,40,76,49.0,59.0,10.0,2,6,6,51,73,5
280,40,1680,51.5,100.0,48.5,134,188,69.0,81.0,12.0,40,188,52.0,87.0,35.0,1,10,2,11,94,19
281,0,616,13.0,100.0,87.0,0,42,13.0,36.5,23.5,0,42,13.0,51.0,38.0,2,6,0,51,87,20
282,0,0,13.0,13.0,0.0,0,0,13.0,13.0,0.0,0,0,13.0,13.0,0.0,-1,6,0,56,97,36
283,6,212,31.5,91.0,59.5,27,40,30.0,33.0,3.0,6,28,31.5,46.0,14.5,3,10,1,1,95,35
284,6,108,32.5,82.5,50.0,8,8,31.0,31.0,0.0,6,8,32.5,35.5,3.0,4,2,1,91,88,63
285,2,103,29.5,78.0,48.5,7,7,28.5,28.5,0.0,2,3,29.5,31.0,1.5,5,4,1,84,95,65
286,84,700,62.0,100.0,38.0,110,120,83.5,89.0,5.5,84,120,61.0,88.5,27.5,2,6,6,51,26,83
287,226,226,93.0,93.0,0.0,176,176,89.5,89.5,0.0,176,176,92.0,92.0,0.0,-1,8,18,39,5,87
288,0,616,12.5,100.0,87.5,0,28,12.5,44.5,32.0,0,28,12.5,50.0,37.5,2,3,0,82,85,27
289,10,216,41.5,93.0,51.5,18,18,41.0,41.0,0.0,10,18,41.5,46.5,5.0,3,3,3,85,43,19
290,0,206,12.5,90.0,77.5,0,20,12.5,35.0,22.5,0,15,12.5,41.0,28.5,3,4,0,79,98,22
291,100,100,70.5,70.5,0.0,100,100,52.5,52.5,0.0,100,100,70.5,70.5,0.0,2,11,7,38,48,27
292,0,206,12.5,96.0,83.5,0,12,12.5,42.0,29.5,0,12,12.5,46.0,33.5,3,2,0,86,40,17
293,54,1694,57.0,100.0,43.0,66,110,54.5,78.5,24.0,54,110,57.0,80.0,23.0,1,6,4,34,38,3
294,146,352,89.0,99.0,10.0,62,62,78.0,78.0,0.0,62,62,79.0,79.0,0.0,3,3,16,66,12,53
295,0,616,13.0,100.0,87.0,0,46,13.0,38.0,25.0,0,33,13.0,47.0,34.0,2,8,0,39,67,34
296,1,617,26.0,100.0,74.0,4,34,26.0,43.0,17.0,1,34,26.0,50.0,24.0,2,4,2,53,58,25
297,77,178,71.0,90.0,19.0,78,78,77.0,77.0,0.0,78,78,78.5,78.5,0.0,5,4,8,77,57,4
298,22,22,41.0,41.0,0.0,176,176,63.0,63.0,0.0,22,22,41.0,41.0,0.0,-1,16,2,4,61,45
299,16,16,42.5,42.5,0.0,24,24,45.0,45.0,0.0,16,16,43.5,43.5,0.0,-1,3,2,55,42,36
300,0,616,13.0,100.0,87.0,0,110,13.0,56.5,43.5,0,72,13.0,55.0,42.0,2,16,0,9,87,20
301,152,768,85.0,100.0,15.0,88,88,79.5,79.5,0.0,88,88,80.0,80.0,0.0,2,4,13,83,33,3
302,40,40,49.0,49.0,0.0,114,114,60.5,60.5,0.0,40,40,49.0,49.0,0.0,-1,10,1,12,90,81
303,40,246,54.0,95.0,41.0,64,64,57.0,57.0,0.0,40,64,54.0,63.0,9.0,3,5,3,63,46,57
304,100,100,65.0,65.0,0.0,100,100,46.0,46.0,0.0,100,100,65.0,65.0,0.0,2,16,13,4,24,53
305,0,206,13.0,87.0,74.0,0,23,13.0,28.0,15.0,0,6,13.0,30.0,17.0,3,15,1,7,69,4
306,100,100,68.0,68.0,0.0,100,100,47.0,47.0,0.0,100,100,68.0,68.0,0.0,2,14,14,8,32,72
307,70,1710,63.5,100.0,36.5,88,132,49.0,79.0,30.0,70,132,63.5,83.0,19.5,1,8,6,39,26,3
308,16,16,41.0,41.0,0.0,38,38,39.0,39.0,0.0,16,16,41.0,41.0,0.0,-1,6,1,44,49,45
309,34,650,50.0,100.0,50.0,60,60,56.5,56.5,0.0,34,60,50.0,64.5,14.5,2,5,6,45,70,5
310,326,427,96.0,98.0,2.0,168,168,95.0,95.0,0.0,168,168,95.5,95.5,0.0,6,6,27,44,10,78
311,6,6,30.5,30.5,0.0,18,18,28.5,28.5,0.0,6,6,30.5,30.5,0.0,-1,8,1,27,55,81
312,100,100,72.0,72.0,0.0,100,100,73.5,73.5,0.0,100,100,74.5,74.5,0.0,3,6,6,34,26,14
313,105,105,84.0,84.0,0.0,32,32,72.0,72.0,0.0,32,32,72.5,72.5,0.0,-1,2,18,86,5,59
314,246,246,92.0,92.0,0.0,112,112,94.5,94.5,0.0,112,112,94.5,94.5,0.0,-1,4,19,83,15,45
315,0,0,13.0,13.0,0.0,0,0,13.0,13.0,0.0,0,0,13.0,13.0,0.0,-1,8,0,15,81,89
316,54,670,54.5,100.0,45.5,44,44,49.0,49.0,0.0,54,44,61.0,52.5,-8.5,2,4,4,67,72,39
317,120,326,87.0,98.0,11.0,48,48,67.5,67.5,0.0,48,48,71.0,71.0,0.0,3,3,18,75,30,94
318,8,214,34.0,93.0,59.0,14,14,33.5,33.5,0.0,8,14,34.0,38.0,4.0,3,3,2,82,63,35
319,0,616,12.0,100.0,88.0,0,48,12.0,76.5,64.5,0,48,12.0,77.5,65.5,2,3,0,92,40,10
320,18,18,48.5,48.5,0.0,22,22,60.5,60.5,0.0,18,18,55.0,55.0,0.0,-1,2,2,97,52,87
321,100,100,73.0,73.0,0.0,100,100,61.0,61.0,0.0,100,100,73.0,73.0,0.0,5,8,16,57,12,55
322,32,648,44.0,100.0,56.0,136,156,64.0,66.5,2.5,32,78,44.0,55.0,11.0,2,16,2,9,75,25
323,2,104,29.5,76.0,46.5,5,5,29.0,29.0,0.0,2,5,29.5,31.0,1.5,4,3,1,64,55,74
324,0,616,13.0,100.0,87.0,0,28,13.0,49.5,36.5,0,28,13.0,52.5,39.5,2,3,0,58,59,18
325,84,290,66.0,97.0,31.0,88,88,78.5,78.5,0.0,88,88,78.5,78.5,0.0,3,4,5,53,25,8
326,0,0,13.0,13.0,0.0,0,0,13.0,13.0,0.0,0,0,13.0,13.0,0.0,-1,3,0,64,59,89
327,0,616,13.0,100.0,87.0,0,50,13.0,33.0,20.0,0,22,13.0,42.5,29.5,2,10,0,22,79,29
328,232,1872,95.0,100.0,5.0,64,88,71.0,84.0,13.0,64,88,72.0,84.0,12.0,1,4,27,73,10,15
329,386,386,99.0,99.0,0.0,176,176,99.5,99.5,0.0,176,176,99.5,99.5,0.0,-1,5,30,63,7,66
330,22,123,45.5,79.0,33.5,52,52,42.5,42.5,0.0,22,23,45.5,46.0,0.5,6,7,2,62,83,78
331,78,78,74.0,74.0,0.0,32,32,72.0,72.0,0.0,32,32,73.0,73.0,0.0,-1,2,8,98,17,89
332,1,1,26.5,26.5,0.0,2,2,26.5,26.5,0.0,1,1,26.5,26.5,0.0,-1,2,1,97,68,82
333,0,206,12.5,90.0,77.5,0,22,12.5,32.0,19.5,0,15,12.5,33.0,20.5,3,5,0,50,36,41
334,363,569,100.0,100.0,0.0,96,96,94.5,94.5,0.0,96,96,94.5,94.5,0.0,3,3,36,85,2,26
335,38,1678,49.5,100.0,50.5,74,128,42.0,76.0,34.0,38,128,49.5,82.0,32.5,1,9,3,23,54,39
336,270,886,94.0,100.0,6.0,88,88,79.5,79.5,0.0,88,88,80.0,80.0,0.0,2,4,27,83,10,1
337,6,212,31.0,93.0,62.0,14,18,33.5,36.5,3.0,6,18,31.0,45.0,14.0,3,3,1,82,49,29
338,100,100,71.5,71.5,0.0,100,100,58.5,58.5,0.0,100,100,71.5,71.5,0.0,3,9,36,35,2,64
339,96,302,78.0,100.0,22.0,56,56,89.0,89.0,0.0,56,56,89.0,89.0,0.0,3,2,7,89,48,94
340,320,526,100.0,100.0,0.0,80,80,96.5,96.5,0.0,80,80,96.5,96.5,0.0,3,2,36,98,2,62
341,100,100,67.5,67.5,0.0,100,100,47.5,47.5,0.0,100,100,67.5,67.5,0.0,3,14,8,25,44,95
342,0,101,12.5,74.5,62.0,0,6,12.5,24.5,12.0,0,1,12.5,24.5,12.0,5,6,0,59,86,78
343,168,784,87.0,100.0,13.0,128,128,70.5,70.5,0.0,128,128,82.0,82.0,0.0,2,8,14,30,32,64
344,169,375,92.0,100.0,8.0,72,72,82.5,82.5,0.0,72,72,82.5,82.5,0.0,3,3,16,87,12,63
345,238,854,92.0,100.0,8.0,320,320,96.5,96.5,0.0,238,254,92.0,92.0,0.0,2,14,13,8,33,56
346,0,102,13.0,81.0,68.0,0,8,13.0,30.5,17.5,0,2,13.0,30.0,17.0,4,4,0,73,40,71
347,136,136,84.0,84.0,0.0,248,248,92.0,92.0,0.0,136,136,84.0,84.0,0.0,-1,11,7,38,62,79
348,0,616,13.0,100.0,87.0,0,46,13.0,47.5,34.5,0,46,13.0,54.0,41.0,2,5,1,61,50,47
349,0,1640,13.0,100.0,87.0,0,68,13.0,42.0,29.0,0,56,13.0,55.0,42.0,1,9,0,26,96,28
350,54,156,66.0,90.0,24.0,48,48,74.0,74.0,0.0,48,48,75.0,75.0,0.0,4,3,7,81,62,64
351,110,110,75.5,75.5,0.0,158,158,80.0,80.0,0.0,110,110,75.5,75.5,0.0,-1,9,7,29,21,87
352,0,0,13.0,13.0,0.0,0,0,13.0,13.0,0.0,0,0,13.0,13.0,0.0,-1,9,1,31,50,79
353,100,100,73.0,73.0,0.0,100,100,59.0,59.0,0.0,100,100,73.0,73.0,0.0,2,8,8,30,17,90
354,16,632,37.0,100.0,63.0,80,90,42.5,45.0,2.5,16,62,37.0,54.5,17.5,2,10,1,22,90,13
355,2,2,26.5,26.5,0.0,8,8,27.0,27.0,0.0,2,2,26.5,26.5,0.0,-1,6,1,56,68,98
356,246,246,95.0,95.0,0.0,144,144,93.5,93.5,0.0,144,144,93.5,93.5,0.0,-1,6,19,48,15,99
357,161,161,92.0,92.0,0.0,72,72,84.0,84.0,0.0,72,72,84.5,84.5,0.0,-1,3,15,75,16,69
358,94,300,63.0,94.0,31.0,104,104,80.5,80.5,0.0,94,104,70.5,83.5,13.0,3,5,6,52,26,48
359,0,0,13.0,13.0,0.0,0,0,13.0,13.0,0.0,0,0,13.0,13.0,0.0,-1,7,0,62,81,82
360,12,218,38.0,94.0,56.0,18,18,40.5,40.5,0.0,12,18,38.0,45.5,7.5,3,3,2,55,63,29
361,2,2,26.0,26.0,0.0,12,12,25.5,25.5,0.0,2,2,26.0,26.0,0.0,-1,10,1,36,68,82
362,22,228,47.0,95.0,48.0,28,28,50.0,50.0,0.0,22,28,47.0,51.0,4.0,3,3,2,60,52,39
363,6,1646,28.5,100.0,71.5,52,138,34.0,61.5,27.5,6,114,28.5,79.0,50.5,1,14,1,25,88,33
364,0,1640,13.0,100.0,87.0,0,70,13.0,69.0,56.0,0,70,13.0,72.0,59.0,1,5,0,70,79,5
365,54,1694,59.5,100.0,40.5,70,94,62.5,73.0,10.5,54,94,59.5,73.5,14.0,1,5,4,80,72,28
366,58,58,59.0,59.0,0.0,54,54,59.0,59.0,0.0,54,54,61.5,61.5,0.0,-1,4,7,47,48,93
367,0,616,13.0,100.0,87.0,0,34,13.0,33.0,20.0,0,24,13.0,42.0,29.0,2,8,0,27,81,43
368,110,710,74.0,100.0,26.0,126,126,78.5,78.5,0.0,110,126,76.0,84.0,8.0,2,7,6,46,13,33
369,78,78,62.0,62.0,0.0,142,142,80.0,80.0,0.0,78,78,62.0,62.0,0.0,-1,8,7,21,62,82
370,0,0,13.0,13.0,0.0,0,0,13.0,13.0,0.0,0,0,13.0,13.0,0.0,-1,4,1,53,50,66
371,16,632,37.5,100.0,62.5,132,146,63.0,64.0,1.0,16,146,37.5,83.0,45.5,2,11,3,5,46,16
372,16,222,44.5,98.0,53.5,22,22,62.0,62.0,0.0,16,22,47.5,61.5,14.0,3,2,1,99,53,20
373,22,22,41.5,41.5,0.0,126,126,64.0,64.0,0.0,22,22,41.5,41.5,0.0,-1,11,2,38,61,93
374,211,417,97.0,100.0,3.0,56,56,89.5,89.5,0.0,56,56,90.0,90.0,0.0,3,2,29,98,0,33
375,0,0,13.0,13.0,0.0,0,0,13.0,13.0,0.0,0,0,13.0,13.0,0.0,-1,2,0,68,66,81
376,112,112,75.5,75.5,0.0,210,210,78.5,78.5,0.0,112,112,75.5,75.5,0.0,-1,12,4,6,72,87
377,0,0,13.0,13.0,0.0,0,0,13.0,13.0,0.0,0,0,13.0,13.0,0.0,-1,4,1,72,69,99
378,100,100,71.5,71.5,0.0,100,100,60.5,60.5,0.0,100,100,71.5,71.5,0.0,1,9,15,23,16,2
379,1,1641,26.0,100.0,74.0,14,188,26.0,72.5,46.5,1,188,26.0,85.0,59.0,1,14,1,17,78,11
380,112,213,80.5,89.0,8.5,252,252,85.5,85.5,0.0,112,113,80.5,81.0,0.5,6,14,4,17,72,78
381,78,694,69.0,100.0,31.0,60,70,52.5,60.5,8.0,60,70,61.5,67.5,6.0,2,5,9,88,39,1
382,46,252,55.5,95.0,39.5,60,64,56.5,61.0,4.5,46,52,55.0,59.0,4.0,3,5,2,45,83,53
383,100,100,79.0,79.0,0.0,72,72,83.0,83.0,0.0,72,72,83.0,83.0,0.0,-1,3,6,82,13,99
384,0,102,12.5,70.5,58.0,0,8,12.5,25.5,13.0,0,2,12.5,25.0,12.5,4,6,0,40,91,60
385,0,206,13.0,92.0,79.0,0,18,13.0,32.0,19.0,0,18,13.0,41.5,28.5,3,5,0,63,82,8
386,0,616,12.5,100.0,87.5,0,38,12.5,50.5,38.0,0,38,12.5,53.5,41.0,2,3,0,87,91,2
387,316,932,95.0,100.0,5.0,300,310,92.0,93.5,1.5,300,310,95.0,95.0,0.0,2,14,16,25,12,20
388,145,761,81.0,100.0,19.0,188,188,81.0,81.0,0.0,145,163,81.0,85.0,4.0,2,10,8,0,44,61
389,102,204,83.0,92.0,9.0,72,72,88.5,88.5,0.0,72,72,88.5,88.5,0.0,4,3,7,85,48,64
390,362,362,96.0,96.0,0.0,360,360,99.5,99.5,0.0,360,360,99.5,99.5,0.0,-1,12,17,3,6,66
391,16,16,42.0,42.0,0.0,90,90,49.5,49.5,0.0,16,16,42.0,42.0,0.0,-1,9,2,26,94,85
392,63,165,67.0,89.0,22.0,34,34,51.0,51.0,0.0,34,34,58.0,58.0,0.0,4,4,8,72,57,75
393,0,206,13.0,96.0,83.0,0,14,13.0,33.5,20.5,0,14,13.0,40.5,27.5,3,3,1,75,50,35
394,110,726,74.0,100.0,26.0,110,110,74.0,74.0,0.0,110,110,79.0,79.0,0.0,2,6,6,40,77,57
395,331,947,99.0,100.0,1.0,96,96,94.0,94.0,0.0,96,96,94.0,94.0,0.0,2,3,40,66,3,30
396,0,102,12.5,70.5,58.0,0,8,12.5,25.5,13.0,0,2,12.5,25.0,12.5,4,6,0,40,80,60
397,34,240,52.0,97.0,45.0,22,22,49.5,49.5,0.0,22,22,52.0,52.0,0.0,3,2,7,91,62,15
398,16,1656,42.5,100.0,57.5,50,84,50.0,73.0,23.0,16,62,42.5,62.0,19.5,1,5,3,49,46,61
399,48,48,51.5,51.5,0.0,114,114,61.0,61.0,0.0,48,48,51.5,51.5,0.0,-1,12,3,2,54,82
400,87,87,71.0,71.0,0.0,78,78,77.5,77.5,0.0,78,78,78.0,78.0,0.0,-1,4,8,73,57,67
401,0,0,12.5,12.5,0.0,0,0,12.5,12.5,0.0,0,0,12.5,12.5,0.0,-1,2,0,99,82,97
402,0,206,12.5,92.0,79.5,0,48,12.5,31.5,19.0,0,26,12.5,44.0,31.5,3,10,0,36,84,47
403,2,208,27.0,89.0,62.0,10,23,27.0,30.0,3.0,2,6,27.0,31.5,4.5,3,8,1,10,68,71
404,40,656,51.0,100.0,49.0,160,170,75.0,77.5,2.5,40,76,51.5,59.0,7.5,2,11,2,38,94,26
405,54,155,65.5,92.0,26.5,22,22,57.0,57.0,0.0,22,22,59.5,59.5,0.0,5,2,8,98,8,4
406,22,228,49.0,93.0,44.0,28,28,51.0,51.0,0.0,22,28,49.0,54.0,5.0,3,3,2,85,75,34
407,150,750,87.0,100.0,13.0,64,64,69.0,69.0,0.0,64,64,70.5,70.5,0.0,2,4,16,67,18,15
408,84,84,64.5,64.5,0.0,100,100,73.5,73.5,0.0,84,84,63.5,63.5,0.0,-1,6,5,48,47,80
409,59,265,60.0,95.5,35.5,68,68,74.0,74.0,0.0,59,68,66.0,75.5,9.5,3,4,6,77,73,83
410,24,230,47.5,94.5,47.0,40,40,41.5,41.5,0.0,24,40,47.5,53.5,6.0,3,5,4,63,64,72
411,120,736,77.5,100.0,22.5,196,196,80.0,80.0,0.0,120,154,77.5,83.0,5.5,2,12,7,2,21,41
412,40,246,48.5,95.0,46.5,116,116,75.0,75.0,0.0,40,48,48.5,50.0,1.5,3,7,1,46,53,83
413,200,302,90.0,95.0,5.0,104,104,86.0,86.0,0.0,104,104,86.5,86.5,0.0,4,5,15,50,16,65
414,2,208,30.0,94.0,64.0,5,10,30.5,32.0,1.5,2,9,30.0,37.0,7.0,3,3,1,60,95,61
415,6,108,33.5,75.0,41.5,32,32,34.5,34.5,0.0,6,10,33.5,35.0,1.5,4,6,1,44,88,51
416,34,240,53.0,94.0,41.0,54,54,59.0,59.0,0.0,34,54,53.5,61.0,7.5,3,4,6,47,70,25
417,64,64,57.5,57.5,0.0,66,66,51.5,51.5,0.0,64,64,59.5,59.5,0.0,-1,6,4,56,72,85
418,12,12,42.5,42.5,0.0,8,8,36.0,36.0,0.0,12,12,43.5,43.5,0.0,-1,2,2,95,83,81
419,0,206,12.5,94.0,81.5,0,12,12.5,35.5,23.0,0,12,12.5,38.0,25.5,3,2,0,91,67,28
420,100,100,66.5,66.5,0.0,100,100,48.0,48.0,0.0,100,100,66.5,66.5,0.0,-1,15,13,7,33,69
421,0,616,12.5,100.0,87.5,0,22,12.5,56.5,44.0,0,22,12.5,59.0,46.5,2,2,0,98,67,48
422,2,618,30.5,100.0,69.5,9,40,29.5,44.5,15.0,2,40,30.5,52.0,21.5,2,5,1,49,95,77
423,0,0,13.0,13.0,0.0,0,0,13.0,13.0,0.0,0,0,13.0,13.0,0.0,-1,5,0,49,81,87
424,98,714,72.0,100.0,28.0,80,80,72.0,72.0,0.0,80,80,74.5,74.5,0.0,2,5,8,88,8,11
425,100,100,66.5,66.5,0.0,100,100,48.0,48.0,0.0,100,100,66.5,66.5,0.0,1,15,15,7,16,53
426,16,222,40.5,90.0,49.5,56,56,49.5,49.5,0.0,16,26,40.5,47.5,7.0,3,6,2,74,94,73
427,0,616,13.0,100.0,87.0,0,34,13.0,34.5,21.5,0,29,13.0,48.0,35.0,2,6,0,65,91,34
428,0,616,13.0,100.0,87.0,0,34,13.0,49.0,36.0,0,34,13.0,55.0,42.0,2,4,0,78,99,7
429,100,100,68.0,68.0,0.0,100,100,53.5,53.5,0.0,100,100,68.0,68.0,0.0,-1,10,29,22,0,69
430,16,632,40.0,100.0,60.0,74,84,42.0,45.5,3.5,16,38,40.0,47.0,7.0,2,9,2,54,94,56
431,0,0,13.0,13.0,0.0,0,0,13.0,13.0,0.0,0,0,13.0,13.0,0.0,-1,6,0,56,96,86
432,100,100,67.0,67.0,0.0,100,100,43.5,43.5,0.0,100,100,67.5,67.5,0.0,2,17,5,20,47,39
433,42,1682,50.5,100.0,49.5,60,94,50.5,71.0,20.5,40,94,49.5,73.0,23.5,1,5,6,50,41,32
434,206,406,92.0,100.0,8.0,134,134,92.0,92.0,0.0,134,134,92.0,92.0,0.0,3,6,18,56,30,83
435,0,0,13.0,13.0,0.0,0,0,13.0,13.0,0.0,0,0,13.0,13.0,0.0,-1,5,0,52,99,92
436,16,16,40.5,40.5,0.0,46,46,43.5,43.5,0.0,16,16,40.5,40.5,0.0,-1,6,1,74,53,80
437,38,654,45.0,100.0,55.0,106,106,56.0,56.0,0.0,38,73,45.0,57.0,12.0,2,11,4,33,64,22
438,0,0,13.0,13.0,0.0,0,0,13.0,13.0,0.0,0,0,13.0,13.0,0.0,-1,16,1,4,69,84
439,128,229,80.0,91.0,11.0,188,188,81.0,81.0,0.0,128,129,80.0,80.0,0.0,5,10,6,18,26,78
440,0,206,13.0,92.0,79.0,0,14,13.0,34.0,21.0,0,14,13.0,39.0,26.0,3,3,0,64,93,38
441,269,269,95.0,95.0,0.0,316,316,93.0,93.0,0.0,269,269,95.0,95.0,0.0,-1,15,15,7,19,87
442,100,100,66.0,66.0,0.0,100,100,46.0,46.0,0.0,100,100,66.0,66.0,0.0,2,16,6,9,70,77
443,1,617,26.0,100.0,74.0,6,46,26.0,40.0,14.0,1,46,26.0,52.0,26.0,2,6,1,41,78,11
444,66,66,56.0,56.0,0.0,122,122,60.0,60.0,0.0,64,64,56.0,56.0,0.0,-1,12,6,3,41,80
445,20,226,46.0,93.0,47.0,22,22,49.5,49.5,0.0,22,22,52.0,52.0,0.0,3,2,3,68,43,28
446,40,656,51.0,100.0,49.0,84,94,40.0,43.0,3.0,40,56,51.5,56.0,4.5,2,11,2,38,42,53
447,126,126,92.0,92.0,0.0,32,32,76.5,76.5,0.0,32,32,77.0,77.0,0.0,-1,2,22,97,9,79
448,0,206,13.0,91.0,78.0,0,28,13.0,31.0,18.0,0,8,13.0,32.0,19.0,3,10,0,0,99,74
449,0,101,13.0,76.0,63.0,0,8,13.0,25.5,12.5,0,1,13.0,25.5,12.5,6,8,0,39,76,58
450,6,622,31.0,100.0,69.0,14,28,33.5,44.5,11.0,6,28,31.0,50.0,19.0,2,3,1,82,4,19
451,175,175,86.0,86.0,0.0,104,104,88.0,88.0,0.0,104,104,88.0,88.0,0.0,-1,5,20,70,23,76
452,12,628,38.0,100.0,62.0,18,50,33.0,47.0,14.0,12,50,38.0,53.5,15.5,2,5,2,88,63,23
453,0,1640,13.0,100.0,87.0,0,62,13.0,38.0,25.0,0,40,13.0,47.5,34.5,1,8,0,27,98,71
454,46,46,55.5,55.5,0.0,60,60,56.5,56.5,0.0,46,46,55.0,55.0,0.0,-1,5,2,45,83,92
455,2,618,28.0,100.0,72.0,6,34,28.0,44.5,16.5,2,34,28.0,51.0,23.0,2,4,2,83,58,6
456,22,1662,43.0,100.0,57.0,60,150,35.0,67.5,32.5,22,150,43.0,82.0,39.0,1,11,2,19,63,7
457,88,88,62.0,62.0,0.0,164,164,76.5,76.5,0.0,88,88,62.0,62.0,0.0,-1,10,4,1,72,84
458,100,100,71.5,71.5,0.0,100,100,52.5,52.5,0.0,100,100,71.5,71.5,0.0,-1,10,22,1,9,92
459,0,0,13.0,13.0,0.0,0,0,13.0,13.0,0.0,0,0,13.0,13.0,0.0,-1,7,0,62,97,84
460,6,212,32.0,92.0,60.0,21,33,31.0,33.0,2.0,6,21,32.0,40.0,8.0,3,9,1,35,4,41
461,102,102,78.5,78.5,0.0,80,80,61.5,61.5,0.0,80,80,66.5,66.5,0.0,-1,5,8,50,17,80
462,62,62,57.0,57.0,0.0,134,134,69.0,69.0,0.0,62,62,57.0,57.0,0.0,-1,10,6,12,70,50
463,0,206,13.0,94.0,81.0,0,16,13.0,34.5,21.5,0,16,13.0,39.0,26.0,3,4,0,53,76,57
464,0,0,12.5,12.5,0.0,0,0,12.5,12.5,0.0,0,0,12.5,12.5,0.0,-1,4,0,79,99,81
465,0,0,13.0,13.0,0.0,0,0,13.0,13.0,0.0,0,0,13.0,13.0,0.0,-1,8,1,21,69,67
466,54,155,54.5,87.0,32.5,44,44,49.0,49.0,0.0,54,44,61.0,52.5,-8.5,5,4,4,67,72,55
467,100,100,67.0,67.0,0.0,100,100,65.0,65.0,0.0,100,100,68.5,68.5,0.0,-1,6,29,40,11,86
468,248,349,93.0,98.0,5.0,264,264,94.0,94.0,0.0,264,264,95.0,95.0,0.0,6,12,16,14,18,78
469,0,206,12.5,92.0,79.5,0,14,12.5,36.0,23.5,0,8,12.5,38.0,25.5,3,3,0,85,80,29
470,0,616,13.0,100.0,87.0,0,56,13.0,37.0,24.0,0,42,13.0,51.5,38.5,2,8,0,15,97,28
471,90,90,69.0,69.0,0.0,54,54,56.5,56.5,0.0,54,54,59.5,59.5,0.0,-1,4,9,53,31,89
472,100,100,71.0,71.0,0.0,100,100,61.0,61.0,0.0,100,100,71.0,71.0,0.0,2,8,36,21,2,35
473,2,208,27.5,90.0,62.5,10,26,28.5,35.0,6.5,2,26,27.5,47.0,19.5,3,5,1,80,65,26
474,100,100,69.5,69.5,0.0,100,100,63.5,63.5,0.0,100,100,71.5,71.5,0.0,3,7,40,43,3,62
475,362,962,96.0,100.0,4.0,240,240,97.5,97.5,0.0,240,240,97.5,97.5,0.0,2,9,22,31,9,20
476,0,616,13.0,100.0,87.0,0,66,13.0,50.0,37.0,0,66,13.0,56.0,43.0,2,6,0,71,66,2
477,240,840,97.0,100.0,3.0,96,96,94.0,94.0,0.0,96,96,94.0,94.0,0.0,2,3,22,96,9,20
478,142,342,85.0,98.0,13.0,112,112,95.0,95.0,0.0,112,112,95.0,95.0,0.0,3,4,13,47,33,25
479,146,352,88.0,98.0,10.0,102,102,92.0,92.0,0.0,102,102,92.0,92.0,0.0,3,4,8,47,8,73
480,18,1658,41.0,100.0,59.0,44,106,36.0,66.0,30.0,18,106,41.0,74.5,33.5,1,7,2,24,56,12
481,100,100,68.5,68.5,0.0,100,100,69.5,69.5,0.0,100,100,75.5,75.5,0.0,-1,5,18,52,5,40
482,14,14,42.0,42.0,0.0,24,24,41.0,41.0,0.0,14,14,42.0,42.0,0.0,-1,4,4,47,64,40
483,100,100,69.5,69.5,0.0,100,100,63.5,63.5,0.0,100,100,71.5,71.5,0.0,3,7,19,43,15,52
484,26,26,52.0,52.0,0.0,22,22,62.0,62.0,0.0,22,22,62.0,62.0,0.0,-1,2,6,99,41,50
485,16,118,38.5,79.0,40.5,68,68,43.5,43.5,0.0,16,18,38.5,41.5,3.0,4,8,2,30,94,95
486,46,662,54.5,100.0,45.5,46,56,45.0,50.5,5.5,46,56,54.5,58.5,4.0,2,6,6,69,34,47
487,100,100,70.5,70.5,0.0,100,100,69.5,69.5,0.0,100,100,72.5,72.5,0.0,2,7,4,62,72,48
488,0,206,13.0,92.0,79.0,0,26,13.0,35.0,22.0,0,16,13.0,38.5,25.5,3,5,1,63,69,38
489,0,616,13.0,100.0,87.0,0,80,13.0,43.5,30.5,0,58,13.0,56.0,43.0,2,10,0,11,59,17
490,222,422,93.0,98.0,5.0,220,220,84.0,84.0,0.0,220,220,93.0,93.0,0.0,3,12,14,6,32,43
491,118,219,88.0,97.0,9.0,32,32,76.5,76.5,0.0,32,32,77.0,77.0,0.0,5,2,19,97,15,65
492,100,100,66.5,66.5,0.0,100,100,46.5,46.5,0.0,100,100,66.5,66.5,0.0,1,14,29,16,0,1
493,16,632,38.5,100.0,61.5,68,78,43.5,47.0,3.5,16,78,38.5,60.5,22.0,2,8,1,30,71,37
494,66,1706,57.5,100.0,42.5,112,146,66.5,82.0,15.5,64,146,57.0,85.0,28.0,1,8,6,21,41,1
495,78,284,71.5,98.0,26.5,48,48,70.5,70.5,0.0,48,48,72.5,72.5,0.0,3,3,13,85,33,47
496,0,101,13.0,78.0,65.0,0,6,13.0,26.0,13.0,0,1,13.0,26.0,13.0,6,6,1,32,69,58
497,49,49,54.0,54.0,0.0,62,62,47.0,47.0,0.0,49,49,54.0,54.0,0.0,-1,7,4,62,22,66
498,0,101,13.0,75.0,62.0,0,6,13.0,25.0,12.0,0,1,13.0,25.0,12.0,5,6,0,51,84,58
499,44,146,52.0,85.0,33.0,86,86,69.0,69.0,0.0,44,47,52.0,55.5,3.5,4,6,4,69,72,74
500,100,100,77.5,77.5,0.0,100,100,98.5,98.5,0.0,100,100,98.5,98.5,0.0,-1,3,36,94,2,91
501,287,493,99.0,100.0,1.0,72,72,89.5,89.5,0.0,72,72,89.5,89.5,0.0,3,3,40,60,3,75
502,60,676,64.5,100.0,35.5,28,38,51.0,65.0,14.0,28,38,55.5,67.0,11.5,2,3,9,92,31,11
503,46,1686,49.5,100.0,50.5,120,184,61.5,78.0,16.5,46,184,49.5,87.5,38.0,1,11,2,33,52,7
504,6,6,30.5,30.5,0.0,40,40,34.5,34.5,0.0,6,6,30.5,30.5,0.0,-1,8,1,27,49,97
505,40,141,61.0,93.0,32.0,22,22,60.5,60.5,0.0,22,22,62.0,62.0,0.0,5,2,6,97,41,56
506,8,624,35.0,100.0,65.0,42,52,35.0,38.0,3.0,8,52,35.0,54.0,19.0,2,9,2,35,56,8
507,36,36,58.0,58.0,0.0,22,22,58.5,58.5,0.0,22,22,59.0,59.0,0.0,-1,2,6,93,35,87
508,6,212,31.0,93.0,62.0,10,14,30.0,33.0,3.0,6,12,31.0,36.0,5.0,3,3,1,82,60,88
509,0,206,12.5,97.0,84.5,0,7,12.5,33.5,21.0,0,7,12.5,40.0,27.5,3,2,0,97,80,75
510,46,252,53.0,95.0,42.0,102,102,67.0,67.0,0.0,46,52,54.0,57.0,3.0,3,8,2,39,83,60
511,56,56,57.5,57.5,0.0,28,28,51.5,51.5,0.0,28,28,56.0,56.0,0.0,-1,3,6,55,13,99
512,98,714,65.0,100.0,35.0,184,184,78.5,78.5,0.0,98,184,65.0,87.5,22.5,2,11,6,33,26,39
513,0,616,13.0,100.0,87.0,0,116,13.0,55.0,42.0,0,116,13.0,81.5,68.5,2,14,0,17,79,12
514,100,100,66.0,66.0,0.0,100,100,46.0,46.0,0.0,100,100,66.0,66.0,0.0,3,16,29,9,1,46
515,16,1656,38.5,100.0,61.5,126,180,64.0,75.5,11.5,16,180,38.5,88.5,50.0,1,11,3,19,46,3
516,110,110,79.0,79.0,0.0,94,94,74.0,74.0,0.0,94,94,75.5,75.5,0.0,-1,5,7,37,21,99
517,0,1640,11.5,100.0,88.5,0,78,11.5,80.0,68.5,0,78,11.5,80.0,68.5,1,4,0,67,81,3
518,215,421,96.5,100.0,3.5,72,72,87.5,87.5,0.0,72,72,87.5,87.5,0.0,3,3,29,81,0,47
519,84,84,66.0,66.0,0.0,88,88,78.5,78.5,0.0,88,88,78.5,78.5,0.0,-1,4,5,53,25,86
520,0,0,13.0,13.0,0.0,0,0,13.0,13.0,0.0,0,0,13.0,13.0,0.0,-1,3,0,55,98,45
521,206,206,92.0,92.0,0.0,134,134,92.0,92.0,0.0,134,134,92.0,92.0,0.0,-1,6,18,56,30,86
522,106,208,80.5,91.0,10.5,78,78,80.5,80.5,0.0,78,78,80.5,80.5,0.0,4,4,8,67,20,56
523,16,632,39.5,100.0,60.5,54,68,40.5,46.5,6.0,16,68,39.5,58.0,18.5,2,8,1,21,71,31
524,363,363,98.0,98.0,0.0,152,152,99.5,99.5,0.0,152,152,99.5,99.5,0.0,-1,5,29,70,1,76
525,0,206,13.0,92.0,79.0,0,10,13.0,32.0,19.0,0,6,13.0,33.0,20.0,3,3,0,64,92,42
526,140,140,82.0,82.0,0.0,176,176,92.0,92.0,0.0,140,140,83.0,83.0,0.0,-1,8,7,10,48,93
527,73,689,56.0,100.0,44.0,154,154,69.5,69.5,0.0,73,123,56.0,78.0,22.0,2,10,4,18,22,26
528,219,425,98.0,100.0,2.0,32,32,72.0,72.0,0.0,32,32,72.0,72.0,0.0,3,2,29,89,1,53
529,260,466,93.0,100.0,7.0,222,222,91.5,91.5,0.0,222,222,94.0,94.0,0.0,3,10,14,18,32,57
530,16,632,35.5,99.0,63.5,110,128,56.5,58.0,1.5,16,40,35.5,45.5,10.0,2,17,1,20,49,70
531,8,110,38.0,85.0,47.0,10,10,32.5,32.5,0.0,8,10,38.0,40.5,2.5,4,3,3,92,51,4
532,523,523,100.0,100.0,0.0,216,216,99.5,99.5,0.0,216,216,99.5,99.5,0.0,-1,6,36,48,2,82
533,8,8,38.0,38.0,0.0,14,14,36.0,36.0,0.0,8,8,38.0,38.0,0.0,-1,3,2,76,83,59
534,169,375,92.0,100.0,8.0,72,72,82.5,82.5,0.0,72,72,82.5,82.5,0.0,3,3,16,87,12,30
535,262,468,95.0,97.0,2.0,318,318,93.0,93.0,0.0,262,270,95.0,95.0,0.0,3,16,16,4,18,83
536,100,716,71.0,100.0,29.0,212,212,79.5,79.5,0.0,100,143,71.0,85.0,14.0,2,13,6,13,77,44
537,102,308,84.0,100.0,16.0,56,56,90.5,90.5,0.0,56,56,90.5,90.5,0.0,3,2,8,90,17,57
538,0,101,12.5,83.0,70.5,0,2,12.5,25.0,12.5,0,1,12.5,25.0,12.5,5,2,0,99,89,60
539,0,0,13.0,13.0,0.0,0,0,13.0,13.0,0.0,0,0,13.0,13.0,0.0,-1,7,0,24,98,85
540,381,482,100.0,100.0,0.0,96,96,92.0,92.0,0.0,96,96,92.0,92.0,0.0,5,3,40,64,3,55
541,84,700,58.0,100.0,42.0,142,156,68.5,69.5,1.0,78,101,57.0,73.0,16.0,2,12,6,2,41,73
542,218,818,90.0,100.0,10.0,144,144,93.0,93.0,0.0,144,144,93.0,93.0,0.0,2,6,17,41,6,20
543,49,255,54.0,94.0,40.0,94,94,52.5,52.5,0.0,49,61,54.0,57.0,3.0,3,9,4,26,22,52
544,47,47,56.0,56.0,0.0,66,66,55.5,55.5,0.0,47,47,56.0,56.0,0.0,-1,6,6,69,35,36
545,100,100,73.0,73.0,0.0,100,100,59.0,59.0,0.0,100,100,73.0,73.0,0.0,-1,8,18,30,5,93
546,169,271,85.0,95.0,10.0,152,152,84.5,84.5,0.0,152,152,87.0,87.0,0.0,4,8,15,21,19,56
547,2,1642,27.0,100.0,73.0,12,144,28.0,71.5,43.5,2,144,27.0,84.0,57.0,1,10,1,22,68,1
548,0,206,13.0,92.0,79.0,0,30,13.0,39.0,26.0,0,20,13.0,44.0,31.0,3,5,0,88,81,38
549,0,102,12.5,70.5,58.0,0,8,12.5,25.5,13.0,0,2,12.5,25.0,12.5,4,6,0,40,76,65
550,0,102,13.0,81.0,68.0,0,8,13.0,31.5,18.5,0,4,13.0,33.0,20.0,4,4,0,77,79,51
551,52,258,59.0,97.0,38.0,52,52,79.0,79.0,0.0,52,52,80.0,80.0,0.0,3,3,3,94,54,14
552,74,175,67.0,92.0,25.0,56,56,85.0,85.0,0.0,56,56,85.5,85.5,0.0,5,2,6,68,26,60
553,318,524,98.0,100.0,2.0,134,134,96.5,96.5,0.0,134,134,96.5,96.5,0.0,3,6,30,69,7,57
554,0,102,13.0,78.0,65.0,0,15,13.0,26.0,13.0,0,2,13.0,26.5,13.5,4,14,1,17,50,68
555,108,209,78.0,92.0,14.0,62,62,47.0,47.0,0.0,62,62,59.0,59.0,0.0,5,7,8,62,8,68
556,6,622,29.0,100.0,71.0,32,42,34.0,36.5,2.5,6,22,29.0,38.0,9.0,2,6,2,51,94,71
557,22,22,48.0,48.0,0.0,54,54,64.5,64.5,0.0,22,22,48.0,48.0,0.0,-1,4,3,72,29,79
558,0,0,13.0,13.0,0.0,0,0,13.0,13.0,0.0,0,0,13.0,13.0,0.0,-1,6,0,71,96,76
559,0,1640,13.0,100.0,87.0,0,140,13.0,70.0,57.0,0,140,13.0,80.0,67.0,1,10,0,12,93,1
560,150,252,87.0,94.0,7.0,64,64,69.0,69.0,0.0,64,64,70.5,70.5,0.0,4,4,16,67,18,63
561,28,130,52.5,86.0,33.5,28,28,47.0,47.0,0.0,28,28,52.0,52.0,0.0,4,3,6,64,70,56
562,190,806,90.0,100.0,10.0,158,158,81.5,81.5,0.0,158,158,87.0,87.0,0.0,2,9,17,23,6,0
563,6,622,29.0,100.0,71.0,36,46,34.0,38.0,4.0,6,46,29.0,51.0,22.0,2,6,1,40,49,23
564,100,100,66.0,66.0,0.0,100,100,46.0,46.0,0.0,100,100,66.0,66.0,0.0,3,16,6,9,13,73
565,0,616,13.0,100.0,87.0,0,38,13.0,39.5,26.5,0,38,13.0,52.0,39.0,2,6,0,32,93,57
566,0,616,13.0,100.0,87.0,0,66,13.0,34.0,21.0,0,38,13.0,43.5,30.5,2,14,0,25,36,34
567,16,1656,36.5,100.0,63.5,78,158,34.0,64.0,30.0,16,158,36.5,82.0,45.5,1,14,1,16,88,15
568,100,100,72.0,72.0,0.0,100,100,73.5,73.5,0.0,100,100,74.5,74.5,0.0,3,6,6,34,26,94
569,56,656,61.0,100.0,39.0,44,44,56.0,56.0,0.0,44,44,59.5,59.5,0.0,2,4,6,78,34,72
570,0,206,13.0,91.0,78.0,0,24,13.0,38.5,25.5,0,24,13.0,49.0,36.0,3,4,0,83,85,77
571,112,1752,86.0,100.0,14.0,32,56,75.5,90.0,14.5,32,56,75.5,90.0,14.5,1,2,18,95,30,58
572,266,866,94.0,100.0,6.0,110,110,83.5,83.5,0.0,110,110,85.0,85.0,0.0,2,6,19,51,15,4
573,100,100,76.0,76.0,0.0,100,100,89.0,89.0,0.0,100,100,89.0,89.0,0.0,3,4,8,47,44,52
574,0,616,13.0,100.0,87.0,0,94,13.0,52.0,39.0,0,94,13.0,67.5,54.5,2,9,0,26,79,2
575,64,270,67.5,97.0,29.5,28,28,51.0,51.0,0.0,28,28,55.5,55.5,0.0,3,3,9,92,27,35
576,100,100,77.5,77.5,0.0,100,100,98.5,98.5,0.0,100,100,98.5,98.5,0.0,3,3,6,94,34,74
577,200,816,91.0,100.0,9.0,268,268,82.0,82.0,0.0,200,268,91.0,95.0,4.0,2,16,8,4,8,30
578,0,206,12.5,90.0,77.5,0,13,12.5,28.0,15.5,0,8,12.5,33.0,20.5,3,5,0,50,91,74
579,34,34,55.0,55.0,0.0,34,34,51.0,51.0,0.0,34,34,58.0,58.0,0.0,-1,4,4,72,38,92
580,371,577,97.0,100.0,3.0,184,184,97.0,97.0,0.0,184,184,97.0,97.0,0.0,3,7,29,46,0,18
581,104,310,77.0,98.0,21.0,124,124,89.0,89.0,0.0,104,124,82.0,89.0,7.0,3,6,6,56,77,38
582,0,102,12.5,81.0,68.5,0,4,12.5,26.0,13.5,0,2,12.5,26.5,14.0,4,3,0,82,93,60
583,0,0,13.0,13.0,0.0,0,0,13.0,13.0,0.0,0,0,13.0,13.0,0.0,-1,10,0,12,91,69
584,0,616,13.0,99.0,86.0,0,96,13.0,43.5,30.5,0,96,13.0,58.0,45.0,2,11,1,5,45,6
585,24,230,45.5,91.0,45.5,46,46,43.0,43.0,0.0,24,46,45.5,53.5,8.0,3,6,3,48,43,14
586,60,676,56.0,100.0,44.0,104,128,65.0,73.5,8.5,60,128,56.0,82.0,26.0,2,9,6,35,73,6
587,50,256,58.5,97.0,38.5,28,28,50.0,50.0,0.0,28,28,51.5,51.5,0.0,3,3,6,60,28,48
588,328,430,95.0,97.0,2.0,224,224,97.0,97.0,0.0,224,224,97.0,97.0,0.0,4,8,19,42,15,55
589,22,123,50.5,85.0,34.5,28,28,49.0,49.0,0.0,22,23,50.5,51.0,0.5,5,3,2,76,74,55
590,58,264,52.5,93.0,40.5,116,116,59.5,59.5,0.0,58,80,52.5,59.5,7.0,3,11,6,33,35,25
591,154,354,89.0,99.0,10.0,64,64,72.0,72.0,0.0,64,64,74.5,74.5,0.0,3,4,19,72,15,20
592,100,100,75.0,75.0,0.0,100,100,75.5,75.5,0.0,100,100,79.0,79.0,0.0,-1,6,17,32,6,87
593,0,102,13.0,74.0,61.0,0,17,13.0,26.0,13.0,0,2,13.0,26.0,13.0,4,16,0,9,79,65
594,118,118,81.5,81.5,0.0,88,88,83.5,83.5,0.0,88,88,83.5,83.5,0.0,-1,4,9,84,39,99
595,100,100,67.5,67.5,0.0,100,100,60.5,60.5,0.0,100,100,69.5,69.5,0.0,6,7,27,46,10,68
596,100,100,76.0,76.0,0.0,100,100,89.0,89.0,0.0,100,100,89.0,89.0,0.0,-1,4,8,47,44,50
597,64,680,59.0,100.0,41.0,86,96,59.5,67.5,8.0,64,96,60.0,70.0,10.0,2,6,4,65,38,10
598,6,108,33.5,85.0,51.5,8,8,33.5,33.5,0.0,6,8,33.5,35.5,2.0,4,2,1,68,88,83
599,16,222,38.5,93.0,54.5,76,76,53.5,53.5,0.0,16,26,38.5,46.0,7.5,3,6,1,65,53,64
600,119,119,86.0,86.0,0.0,64,64,72.0,72.0,0.0,64,64,74.5,74.5,0.0,-1,4,16,72,18,50
601,86,286,60.0,94.0,34.0,100,100,65.0,65.0,0.0,86,86,60.5,60.5,0.0,3,6,6,40,34,94
602,40,656,49.0,100.0,51.0,114,154,60.5,74.5,14.0,40,154,49.0,82.0,33.0,2,10,1,12,90,7
603,0,206,12.5,92.5,80.0,0,14,12.5,33.0,20.5,0,14,12.5,38.0,25.5,3,3,0,82,97,34
604,0,206,13.0,90.0,77.0,0,36,13.0,36.0,23.0,0,24,13.0,45.0,32.0,3,6,0,48,98,77
605,16,16,37.5,37.5,0.0,21,21,34.5,34.5,0.0,16,16,37.5,37.5,0.0,-1,4,1,67,60,66
606,0,0,13.0,13.0,0.0,0,0,13.0,13.0,0.0,0,0,13.0,13.0,0.0,-1,3,0,94,98,91
607,0,0,13.0,13.0,0.0,0,0,13.0,13.0,0.0,0,0,13.0,13.0,0.0,-1,3,0,94,93,86
608,36,652,54.0,100.0,46.0,28,38,50.0,57.0,7.0,28,38,53.5,59.0,5.5,2,3,6,58,28,14
609,0,0,13.0,13.0,0.0,0,0,13.0,13.0,0.0,0,0,13.0,13.0,0.0,-1,8,0,27,96,82
610,0,1640,13.0,100.0,87.0,0,80,13.0,54.0,41.0,0,80,13.0,62.0,49.0,1,6,1,48,50,0
611,91,192,68.0,92.0,24.0,80,80,66.0,66.0,0.0,80,80,69.0,69.0,0.0,5,6,8,69,44,60
612,0,616,12.5,100.0,87.5,0,46,12.5,44.5,32.0,0,46,12.5,53.0,40.5,2,6,0,69,89,6
613,32,1672,47.0,100.0,53.0,60,112,41.0,73.0,32.0,32,112,47.0,78.5,31.5,1,8,3,39,51,2
614,247,349,95.0,100.0,5.0,72,72,89.5,89.5,0.0,72,72,89.5,89.5,0.0,4,3,29,92,1,94
615,16,118,45.5,83.0,37.5,34,34,49.5,49.5,0.0,16,19,46.0,50.0,4.0,4,4,1,78,53,74
616,40,1680,55.5,100.0,44.5,28,52,50.0,74.5,24.5,28,52,53.5,75.5,22.0,1,3,5,58,47,35
617,230,331,94.0,98.0,4.0,112,112,97.0,97.0,0.0,112,112,97.0,97.0,0.0,5,4,18,73,5,95
618,64,64,59.5,59.5,0.0,134,134,69.5,69.5,0.0,64,64,59.5,59.5,0.0,-1,9,7,54,62,76
619,0,616,13.0,100.0,87.0,0,28,13.0,35.0,22.0,0,16,13.0,38.5,25.5,2,5,1,63,45,90
620,78,694,69.5,100.0,30.5,22,32,49.5,66.0,16.5,22,32,52.0,66.5,14.5,2,2,8,68,8,26
621,0,0,13.0,13.0,0.0,0,0,13.0,13.0,0.0,0,0,13.0,13.0,0.0,-1,3,0,94,40,96
622,94,300,74.0,99.0,25.0,62,62,82.0,82.0,0.0,62,62,82.5,82.5,0.0,3,3,15,94,19,23
623,0,0,13.0,13.0,0.0,0,0,13.0,13.0,0.0,0,0,13.0,13.0,0.0,-1,3,0,75,79,85
624,139,139,85.0,85.0,0.0,64,64,71.5,71.5,0.0,64,64,73.0,73.0,0.0,-1,4,18,78,5,98
625,6,212,34.5,94.0,59.5,18,22,34.0,34.5,0.5,6,12,34.5,39.5,5.0,3,5,1,49,88,90
626,0,206,13.0,94.0,81.0,0,12,13.0,31.5,18.5,0,10,13.0,36.0,23.0,3,4,0,53,87,54
627,132,132,84.0,84.0,0.0,88,88,81.0,81.0,0.0,88,88,81.5,81.5,0.0,-1,4,8,79,8,86
628,100,100,67.0,67.0,0.0,100,100,50.0,50.0,0.0,100,100,67.0,67.0,0.0,2,12,29,6,11,47
629,0,206,13.0,91.0,78.0,0,34,13.0,32.5,19.5,0,10,13.0,34.0,21.0,3,11,1,38,50,54
630,0,616,13.0,100.0,87.0,0,34,13.0,49.5,36.5,0,34,13.0,55.0,42.0,2,4,0,77,80,3
631,140,140,82.0,82.0,0.0,176,176,92.0,92.0,0.0,140,140,83.0,83.0,0.0,-1,8,7,10,48,87
632,100,100,70.5,70.5,0.0,100,100,54.0,54.0,0.0,100,100,70.5,70.5,0.0,2,9,27,54,10,24
633,2,2,29.5,29.5,0.0,5,5,29.0,29.0,0.0,2,2,29.5,29.5,0.0,-1,3,1,96,65,66
634,304,510,96.5,100.0,3.5,128,128,97.5,97.5,0.0,128,128,97.5,97.5,0.0,3,5,27,49,10,57
635,256,462,97.0,100.0,3.0,86,86,94.0,94.0,0.0,86,86,94.0,94.0,0.0,3,3,27,55,10,19
636,0,616,13.0,100.0,87.0,0,26,13.0,33.0,20.0,0,18,13.0,41.0,28.0,2,6,0,48,59,74
637,10,10,40.0,40.0,0.0,18,18,39.5,39.5,0.0,10,10,40.0,40.0,0.0,-1,3,3,87,54,50
638,76,282,68.0,98.0,30.0,54,54,63.5,63.5,0.0,54,54,65.5,65.5,0.0,3,4,6,78,13,47
639,0,206,13.0,92.0,79.0,0,14,13.0,31.0,18.0,0,8,13.0,34.0,21.0,3,5,0,63,76,83
640,6,212,33.5,94.5,61.0,14,14,37.0,37.0,0.0,6,14,33.5,40.0,6.5,3,3,1,60,49,47
641,0,1640,13.0,100.0,87.0,0,84,13.0,51.0,38.0,0,73,13.0,59.0,46.0,1,8,0,21,36,44
642,269,885,95.0,100.0,5.0,96,96,91.0,91.0,0.0,96,96,91.0,91.0,0.0,2,3,29,87,0,47
643,16,222,44.5,97.0,52.5,28,28,53.0,53.0,0.0,16,28,44.5,56.5,12.0,3,3,1,81,53,5
644,100,100,73.0,73.0,0.0,100,100,59.0,59.0,0.0,100,100,73.0,73.0,0.0,2,8,16,30,18,70
645,0,206,13.0,91.0,78.0,0,21,13.0,32.5,19.5,0,10,13.0,35.0,22.0,3,7,0,62,82,73
646,352,452,98.0,100.0,2.0,152,152,97.0,97.0,0.0,152,152,97.0,97.0,0.0,4,5,30,88,7,71
647,266,266,95.0,95.0,0.0,166,166,88.5,88.5,0.0,166,166,91.5,91.5,0.0,-1,8,19,10,15,81
648,0,0,12.5,12.5,0.0,0,0,12.5,12.5,0.0,0,0,12.5,12.5,0.0,-1,3,0,85,67,69
649,100,100,68.0,68.0,0.0,100,100,47.0,47.0,0.0,100,100,68.0,68.0,0.0,4,14,29,8,11,68
650,67,67,72.0,72.0,0.0,46,46,82.5,82.5,0.0,46,46,82.5,82.5,0.0,-1,2,8,86,57,82
651,32,32,47.5,47.5,0.0,84,84,47.0,47.0,0.0,32,32,47.5,47.5,0.0,-1,9,2,26,52,81
652,192,192,93.0,93.0,0.0,72,72,89.5,89.5,0.0,72,72,89.5,89.5,0.0,-1,3,19,60,15,86
653,40,656,45.5,100.0,54.5,120,130,57.0,60.5,3.5,40,58,45.5,55.0,9.5,2,14,6,8,73,61
654,0,101,12.5,80.0,67.5,0,3,12.5,25.5,13.0,0,1,12.5,25.5,13.0,5,3,0,76,86,95
655,66,682,62.0,100.0,38.0,60,60,52.5,52.5,0.0,60,60,61.5,61.5,0.0,2,5,6,88,13,41
656,32,648,47.0,100.0,53.0,86,96,42.0,43.5,1.5,32,63,47.0,54.0,7.0,2,11,2,5,75,25
657,100,100,68.0,68.0,0.0,100,100,47.0,47.0,0.0,100,100,68.0,68.0,0.0,2,14,15,8,16,75
658,100,100,72.0,72.0,0.0,100,100,78.5,78.5,0.0,100,100,78.5,78.5,0.0,2,5,13,80,33,15
659,0,102,13.0,74.5,61.5,0,9,13.0,28.0,15.0,0,3,13.0,29.0,16.0,4,6,0,74,81,63
660,172,1812,88.0,100.0,12.0,136,160,83.0,90.5,7.5,136,160,83.5,90.5,7.0,1,7,18,43,5,23
661,0,206,13.0,91.0,78.0,0,26,13.0,30.5,17.5,0,16,13.0,35.0,22.0,3,9,0,31,79,41
662,134,750,80.5,100.0,19.5,176,176,88.0,88.0,0.0,134,176,80.5,90.0,9.5,2,8,7,42,21,11
663,0,206,12.5,92.5,80.0,0,20,12.5,33.0,20.5,0,6,12.5,32.5,20.0,3,6,0,69,99,46
664,0,206,13.0,93.0,80.0,0,46,13.0,37.5,24.5,0,29,13.0,46.0,33.0,3,9,0,23,81,44
665,0,616,12.5,100.0,87.5,0,18,12.5,41.0,28.5,0,16,12.5,43.5,31.0,2,3,0,81,99,42
666,0,1640,13.0,100.0,87.0,0,112,13.0,58.0,45.0,0,79,13.0,59.0,46.0,1,11,0,33,79,28
667,339,539,100.0,100.0,0.0,112,112,95.5,95.5,0.0,112,112,95.5,95.5,0.0,3,4,30,53,7,24
668,2,2,26.5,26.5,0.0,19,19,26.5,26.5,0.0,2,2,26.5,26.5,0.0,-1,17,2,20,58,66
669,92,92,77.5,77.5,0.0,28,28,51.0,51.0,0.0,28,28,55.5,55.5,0.0,-1,3,16,92,12,66
670,100,100,70.5,70.5,0.0,100,100,56.0,56.0,0.0,100,100,70.5,70.5,0.0,-1,8,13,15,33,36
671,8,8,38.5,38.5,0.0,20,20,37.0,37.0,0.0,8,8,38.5,38.5,0.0,-1,4,3,47,51,86
672,18,634,43.0,100.0,57.0,30,40,39.0,46.5,7.5,18,40,43.0,51.5,8.5,2,5,3,37,54,77
673,409,409,97.0,97.0,0.0,216,216,99.5,99.5,0.0,216,216,99.5,99.5,0.0,-1,6,29,44,0,93
674,0,0,13.0,13.0,0.0,0,0,13.0,13.0,0.0,0,0,13.0,13.0,0.0,-1,9,1,54,69,92
675,110,110,72.0,72.0,0.0,154,154,67.0,67.0,0.0,110,110,72.0,72.0,0.0,-1,10,6,0,34,92
676,48,48,58.5,58.5,0.0,44,44,52.0,52.0,0.0,44,44,57.5,57.5,0.0,-1,4,7,84,48,66
677,0,0,13.0,13.0,0.0,0,0,13.0,13.0,0.0,0,0,13.0,13.0,0.0,-1,11,0,38,36,67
678,0,206,12.5,94.0,81.5,0,18,12.5,41.0,28.5,0,18,12.5,47.5,35.0,3,3,0,81,80,77
679,114,320,80.0,99.0,19.0,80,80,72.0,72.0,0.0,80,80,72.5,72.5,0.0,3,5,9,49,27,64
680,6,6,31.0,31.0,0.0,28,28,34.5,34.5,0.0,6,6,31.0,31.0,0.0,-1,6,1,71,4,40
681,32,238,43.0,91.0,48.0,136,136,64.0,64.0,0.0,32,46,43.0,49.0,6.0,3,11,3,33,29,73
682,16,16,39.0,39.0,0.0,70,70,55.5,55.5,0.0,16,16,39.0,39.0,0.0,-1,5,1,61,90,66
683,135,237,88.0,97.0,9.0,56,56,89.5,89.5,0.0,56,56,89.5,89.5,0.0,4,2,16,86,18,56
684,0,616,13.0,100.0,87.0,0,22,13.0,58.0,45.0,0,22,13.0,59.5,46.5,2,2,0,95,67,12
685,36,138,59.0,91.0,32.0,32,32,72.0,72.0,0.0,32,32,73.0,73.0,0.0,4,2,6,98,26,55
686,32,238,42.5,90.0,47.5,52,52,40.5,40.5,0.0,32,38,42.5,44.5,2.0,3,6,2,51,75,65
687,12,628,40.0,100.0,60.0,24,34,40.0,46.5,6.5,12,34,40.0,52.0,12.0,2,4,2,73,75,8
688,410,616,98.0,100.0,2.0,280,280,98.5,98.5,0.0,280,280,98.5,98.5,0.0,3,10,22,11,9,51
689,40,246,49.5,93.0,43.5,80,80,63.0,63.0,0.0,40,80,49.5,65.0,15.5,3,6,1,71,53,48
690,6,622,30.5,99.5,69.0,42,86,34.0,40.0,6.0,6,86,30.5,60.5,30.0,2,11,1,33,88,30
691,47,663,54.0,100.0,46.0,94,94,52.5,52.5,0.0,47,94,54.0,63.5,9.5,2,9,6,23,35,7
692,0,206,13.0,89.0,76.0,0,56,13.0,34.0,21.0,0,44,13.0,49.0,36.0,3,12,0,3,67,8
693,235,851,91.0,100.0,9.0,248,248,90.5,90.5,0.0,248,248,92.0,92.0,0.0,2,11,15,33,19,24
694,0,206,12.5,89.0,76.5,0,28,12.5,31.5,19.0,0,15,12.5,32.0,19.5,3,6,0,40,91,41
695,100,100,80.0,80.0,0.0,100,100,99.0,99.0,0.0,100,100,99.0,99.0,0.0,-1,2,2,95,58,99
696,266,866,94.0,100.0,6.0,110,110,83.5,83.5,0.0,110,110,85.0,85.0,0.0,2,6,19,51,15,16
697,0,1640,13.0,100.0,87.0,0,106,13.0,57.0,44.0,0,59,13.0,54.0,41.0,1,12,1,2,45,25
698,22,123,41.5,82.0,40.5,44,44,49.0,49.0,0.0,22,23,41.5,42.0,0.5,5,4,2,67,61,55
699,78,180,59.0,86.0,27.0,180,180,76.5,76.5,0.0,78,80,59.0,59.5,0.5,4,11,4,33,72,60
700,190,1830,89.0,100.0,11.0,318,352,93.0,95.5,2.5,190,352,89.0,96.0,7.0,1,16,9,4,27,1
701,22,228,44.5,94.0,49.5,60,60,52.0,52.0,0.0,22,60,44.5,61.5,17.0,3,5,2,63,61,21
702,16,632,38.0,100.0,62.0,68,88,43.5,48.5,5.0,16,88,38.0,66.5,28.5,2,8,1,39,53,8
703,145,247,85.0,93.0,8.0,242,242,81.0,81.0,0.0,145,147,85.0,85.0,0.0,4,14,8,8,44,88
704,6,6,32.0,32.0,0.0,24,24,32.5,32.5,0.0,6,6,32.0,32.0,0.0,-1,9,1,35,65,98
705,6,212,35.0,95.0,60.0,12,12,41.5,41.5,0.0,6,12,35.0,43.0,8.0,3,2,1,89,4,38
706,339,545,98.0,100.0,2.0,152,152,98.5,98.5,0.0,152,152,98.5,98.5,0.0,3,5,29,45,11,54
707,100,100,75.0,75.0,0.0,100,100,90.0,90.0,0.0,100,100,90.0,90.0,0.0,2,4,17,84,6,14
708,0,616,13.0,100.0,87.0,0,22,13.0,49.0,36.0,0,22,13.0,51.5,38.5,2,2,0,68,91,33
709,16,632,38.5,100.0,61.5,68,78,43.5,47.0,3.5,16,74,38.5,60.0,21.5,2,8,2,30,94,20
710,0,0,13.0,13.0,0.0,0,0,13.0,13.0,0.0,0,0,13.0,13.0,0.0,-1,16,0,4,81,85
711,116,322,81.0,97.0,16.0,94,94,78.5,78.5,0.0,94,94,78.5,78.5,0.0,3,5,8,45,17,29
712,299,505,100.0,100.0,0.0,72,72,89.5,89.5,0.0,72,72,89.5,89.5,0.0,3,3,36,60,2,13
713,16,117,44.0,80.0,36.0,30,30,43.0,43.0,0.0,16,17,44.0,45.0,1.0,5,4,1,47,49,65
714,74,174,73.0,92.0,19.0,38,38,63.5,63.5,0.0,38,38,64.5,64.5,0.0,4,3,8,81,8,54
715,359,359,96.0,96.0,0.0,160,160,89.0,89.0,0.0,160,160,90.5,90.5,0.0,-1,7,29,24,11,99
716,320,1960,98.0,100.0,2.0,334,358,98.0,99.0,1.0,320,358,98.0,99.0,1.0,1,14,17,8,6,21
717,0,206,12.5,94.0,81.5,0,10,12.5,31.0,18.5,0,6,12.5,32.5,20.0,3,3,0,96,97,49
718,47,253,61.0,97.0,36.0,28,28,51.0,51.0,0.0,28,28,54.5,54.5,0.0,3,3,8,85,44,18
719,100,100,75.0,75.0,0.0,100,100,89.0,89.0,0.0,100,100,89.0,89.0,0.0,2,4,18,79,5,41
720,0,206,13.0,90.0,77.0,0,32,13.0,31.5,18.5,0,6,13.0,30.5,17.5,3,8,0,39,76,90
721,0,1640,13.0,100.0,87.0,0,106,13.0,55.5,42.5,0,76,13.0,57.5,44.5,1,11,0,33,79,13
722,100,100,72.0,72.0,0.0,100,100,71.5,71.5,0.0,100,100,78.0,78.0,0.0,-1,6,9,51,27,67
723,387,387,100.0,100.0,0.0,176,176,100.0,100.0,0.0,176,176,100.0,100.0,0.0,-1,5,29,88,11,92
724,10,111,41.5,84.0,42.5,18,18,41.0,41.0,0.0,10,18,41.5,46.5,5.0,6,3,4,85,64,58
725,100,100,74.0,74.0,0.0,100,100,89.0,89.0,0.0,100,100,89.0,89.0,0.0,2,4,40,53,3,30
726,1,207,26.0,95.0,69.0,2,12,26.0,41.0,15.0,1,12,26.0,43.0,17.0,3,2,1,89,68,20
727,0,0,13.0,13.0,0.0,0,0,13.0,13.0,0.0,0,0,13.0,13.0,0.0,-1,2,1,95,50,69
728,78,78,72.5,72.5,0.0,38,38,63.5,63.5,0.0,38,38,64.0,64.0,0.0,-1,3,8,60,17,81
729,162,778,88.0,100.0,12.0,64,64,63.5,63.5,0.0,64,64,66.5,66.5,0.0,2,4,15,83,16,17
730,56,672,61.0,100.0,39.0,118,128,71.0,75.5,4.5,56,128,61.0,80.5,19.5,2,8,6,57,28,6
731,0,0,12.5,12.5,0.0,0,0,12.5,12.5,0.0,0,0,12.5,12.5,0.0,-1,5,1,45,50,40
732,6,108,32.0,75.0,43.0,22,22,33.5,33.5,0.0,6,8,32.0,34.0,2.0,4,5,1,63,4,65
733,2,208,30.5,93.0,62.5,8,12,31.0,32.0,1.0,2,10,30.5,38.0,7.5,3,4,1,73,95,43
734,0,206,12.5,92.0,79.5,0,15,12.5,28.5,16.0,0,7,12.5,33.0,20.5,3,6,0,59,36,74
735,100,100,70.5,70.5,0.0,100,100,70.5,70.5,0.0,100,100,76.0,76.0,0.0,2,6,6,59,70,62
736,265,365,97.0,100.0,3.0,88,88,88.5,88.5,0.0,88,88,88.5,88.5,0.0,4,4,30,67,7,4
737,300,916,97.0,100.0,3.0,96,96,91.0,91.0,0.0,96,96,91.0,91.0,0.0,2,3,29,87,1,15
738,29,130,48.0,83.0,35.0,40,40,44.5,44.5,0.0,29,30,48.0,48.0,0.0,5,5,4,88,22,60
739,0,206,13.0,93.5,80.5,0,14,13.0,36.5,23.5,0,14,13.0,40.0,27.0,3,3,1,60,45,10
740,80,1720,60.0,100.0,40.0,142,166,72.5,83.5,11.0,80,166,60.0,88.0,28.0,1,8,6,15,77,38
741,498,498,98.0,98.0,0.0,368,368,98.5,98.5,0.0,368,368,98.5,98.5,0.0,-1,14,27,25,10,92
742,128,744,77.0,100.0,23.0,214,214,83.5,83.5,0.0,128,152,77.0,83.0,6.0,2,11,5,5,47,70
743,179,385,91.0,99.0,8.0,80,80,66.5,66.5,0.0,80,80,69.5,69.5,0.0,3,5,18,37,5,32
744,100,100,71.5,71.5,0.0,100,100,48.5,48.5,0.0,100,100,71.5,71.5,0.0,2,11,30,33,7,39
745,0,0,13.0,13.0,0.0,0,0,13.0,13.0,0.0,0,0,13.0,13.0,0.0,-1,7,0,62,82,45
746,190,190,89.0,89.0,0.0,166,166,86.0,86.0,0.0,166,166,88.0,88.0,0.0,-1,8,14,57,14,80
747,74,280,60.0,95.0,35.0,100,100,71.5,71.5,0.0,68,100,58.5,77.5,19.0,3,6,6,51,41,11
748,28,228,49.0,91.0,42.0,46,46,43.5,43.5,0.0,28,28,49.0,49.0,0.0,3,6,4,74,64,4
749,88,704,60.0,100.0,40.0,152,152,80.0,80.0,0.0,88,152,60.0,85.0,25.0,2,8,4,42,38,34
750,44,250,54.0,95.0,41.0,80,80,71.5,71.5,0.0,44,80,54.0,73.5,19.5,3,5,4,45,38,25
751,156,156,84.5,84.5,0.0,140,140,88.5,88.5,0.0,140,140,89.5,89.5,0.0,-1,7,9,62,39,89
752,152,152,85.0,85.0,0.0,114,114,66.0,66.0,0.0,114,114,77.5,77.5,0.0,-1,9,14,29,14,40
753,0,0,13.0,13.0,0.0,0,0,13.0,13.0,0.0,0,0,13.0,13.0,0.0,-1,5,0,63,91,67
754,22,22,46.5,46.5,0.0,56,56,45.5,45.5,0.0,22,22,46.5,46.5,0.0,-1,6,2,59,75,89
755,2,208,29.0,93.0,64.0,5,18,29.5,40.0,10.5,2,18,29.0,45.5,16.5,3,3,1,55,60,19
756,255,455,96.0,100.0,4.0,72,72,86.0,86.0,0.0,72,72,86.0,86.0,0.0,3,3,30,66,7,17
757,100,100,68.5,68.5,0.0,100,100,51.0,51.0,0.0,100,100,68.5,68.5,0.0,5,11,29,19,1,78
758,0,0,13.0,13.0,0.0,0,0,13.0,13.0,0.0,0,0,13.0,13.0,0.0,-1,6,0,34,84,87
759,80,286,63.0,95.0,32.0,114,114,69.0,69.0,0.0,80,114,63.0,80.0,17.0,3,9,5,23,47,24
760,0,1640,13.0,100.0,87.0,0,144,13.0,62.0,49.0,0,144,13.0,79.0,66.0,1,10,0,0,59,7
761,0,0,13.0,13.0,0.0,0,0,13.0,13.0,0.0,0,0,13.0,13.0,0.0,-1,9,0,28,84,99
762,16,16,43.0,43.0,0.0,28,28,44.5,44.5,0.0,16,16,43.0,43.0,0.0,-1,3,1,75,49,66
763,80,280,74.0,100.0,26.0,56,56,89.0,89.0,0.0,56,56,89.0,89.0,0.0,3,2,6,89,77,35
764,100,100,69.0,69.0,0.0,100,100,51.0,51.0,0.0,100,100,69.0,69.0,0.0,2,10,8,18,8,54
765,2,1642,27.0,100.0,73.0,8,76,26.5,48.5,22.0,2,76,27.0,61.5,34.5,1,7,1,43,78,32
766,110,110,83.5,83.5,0.0,38,38,56.0,56.0,0.0,38,38,58.5,58.5,0.0,-1,3,14,96,32,45
767,160,260,86.0,95.0,9.0,134,134,93.0,93.0,0.0,134,134,93.5,93.5,0.0,4,6,12,65,37,55
768,402,1018,99.0,100.0,1.0,136,136,98.5,98.5,0.0,136,136,98.5,98.5,0.0,2,4,30,83,7,21
769,6,108,34.0,83.5,49.5,12,12,43.5,43.5,0.0,6,12,34.0,43.0,9.0,4,2,1,95,90,74
770,126,126,85.5,85.5,0.0,38,38,63.5,63.5,0.0,38,38,64.0,64.0,0.0,-1,3,16,60,12,89
771,42,1682,52.5,100.0,47.5,132,176,64.5,68.0,3.5,40,176,50.5,87.0,36.5,1,12,6,14,41,0
772,78,78,69.5,69.5,0.0,62,62,79.5,79.5,0.0,62,62,80.0,80.0,0.0,-1,3,7,58,48,87
773,122,122,81.0,81.0,0.0,110,110,87.5,87.5,0.0,110,110,87.5,87.5,0.0,-1,6,9,69,39,86
774,0,0,12.5,12.5,0.0,0,0,12.5,12.5,0.0,0,0,12.5,12.5,0.0,-1,4,0,84,81,92
775,0,616,13.0,100.0,87.0,0,48,13.0,45.0,32.0,0,41,13.0,53.0,40.0,2,6,0,74,99,25
776,0,616,13.0,100.0,87.0,0,50,13.0,46.0,33.0,0,50,13.0,51.5,38.5,2,5,0,52,96,47
777,100,100,68.0,68.0,0.0,100,100,47.0,47.0,0.0,100,100,68.0,68.0,0.0,2,14,15,8,16,28
778,0,616,13.0,100.0,87.0,0,64,13.0,34.0,21.0,0,16,13.0,34.5,21.5,2,15,0,7,92,90
779,140,140,83.0,83.0,0.0,220,220,86.0,86.0,0.0,140,140,83.0,83.0,0.0,-1,12,8,2,20,40
780,0,206,13.0,91.0,78.0,0,44,13.0,32.0,19.0,0,6,13.0,30.0,17.0,3,10,0,0,93,90
781,105,105,77.0,77.0,0.0,48,48,67.5,67.5,0.0,48,48,69.0,69.0,0.0,-1,3,13,64,24,66
782,42,248,54.0,95.0,41.0,66,66,54.5,54.5,0.0,40,66,53.0,63.0,10.0,3,6,6,34,41,64
783,12,114,36.0,77.0,41.0,66,66,37.5,37.5,0.0,12,14,36.0,36.0,0.0,4,11,2,19,83,95
784,206,822,94.0,100.0,6.0,152,152,98.5,98.5,0.0,152,152,98.5,98.5,0.0,2,5,20,45,23,83
785,104,720,71.5,100.0,28.5,182,182,83.5,83.5,0.0,104,182,71.5,87.5,16.0,2,9,5,28,25,3
786,543,645,100.0,100.0,0.0,232,232,100.0,100.0,0.0,232,232,100.0,100.0,0.0,4,7,40,46,3,95
787,97,713,63.0,100.0,37.0,118,118,64.0,64.0,0.0,97,118,63.0,77.0,14.0,2,8,8,42,44,77
788,245,861,94.0,100.0,6.0,232,232,94.5,94.5,0.0,232,232,95.0,95.0,0.0,2,10,15,0,19,37
789,100,100,70.0,70.0,0.0,100,100,50.5,50.5,0.0,100,100,70.0,70.0,0.0,1,10,29,12,0,9
790,22,22,46.0,46.0,0.0,50,50,48.0,48.0,0.0,22,22,46.0,46.0,0.0,-1,5,2,80,52,67
791,0,206,13.0,90.0,77.0,0,16,13.0,32.0,19.0,0,9,13.0,35.0,22.0,3,6,0,48,97,43
792,16,222,36.0,92.5,56.5,84,84,39.5,39.5,0.0,16,23,36.0,44.0,8.0,3,12,1,6,49,56
793,46,46,55.5,55.5,0.0,60,60,56.5,56.5,0.0,46,46,55.0,55.0,0.0,-1,5,2,45,83,80
794,2,2,29.0,29.0,0.0,4,4,30.0,30.0,0.0,2,2,29.0,29.0,0.0,-1,2,1,98,65,80
795,100,100,70.5,70.5,0.0,100,100,46.0,46.0,0.0,100,100,70.5,70.5,0.0,-1,14,6,17,13,50
796,314,520,94.0,98.0,4.0,230,230,95.5,95.5,0.0,230,230,95.5,95.5,0.0,3,9,19,31,15,51
797,40,656,54.0,100.0,46.0,72,72,84.0,84.0,0.0,40,72,68.0,84.5,16.5,2,3,1,96,90,16
798,6,6,31.0,31.0,0.0,19,19,30.0,30.0,0.0,6,6,31.0,31.0,0.0,-1,8,1,42,55,82
799,28,644,46.0,100.0,54.0,68,78,43.5,46.0,2.5,28,78,46.0,65.0,19.0,2,8,3,39,54,17
800,2,1642,26.5,100.0,73.5,7,58,26.0,46.0,20.0,2,58,26.5,56.0,29.5,1,6,1,56,78,31
801,0,102,13.0,72.5,59.5,0,10,13.0,27.5,14.5,0,2,13.0,26.5,13.5,4,8,0,42,89,88
802,176,792,88.0,100.0,12.0,248,248,93.0,93.0,0.0,176,248,88.0,93.0,5.0,2,11,9,19,39,35
803,100,100,72.0,72.0,0.0,100,100,61.0,61.0,0.0,100,100,72.0,72.0,0.0,-1,8,29,39,0,67
804,146,1786,88.0,100.0,12.0,78,102,73.5,91.5,18.0,78,102,76.5,91.5,15.0,1,4,16,47,12,44
805,0,0,13.0,13.0,0.0,0,0,13.0,13.0,0.0,0,0,13.0,13.0,0.0,-1,7,0,24,98,66
806,314,930,97.0,100.0,3.0,272,272,96.0,96.0,0.0,272,272,96.0,96.0,0.0,2,11,19,19,15,0
807,100,100,73.5,73.5,0.0,100,100,82.5,82.5,0.0,100,100,83.5,83.5,0.0,-1,5,2,49,63,59
808,100,100,66.5,66.5,0.0,100,100,48.0,48.0,0.0,100,100,66.5,66.5,0.0,-1,15,18,7,5,81
809,274,274,91.0,91.0,0.0,310,310,93.5,93.5,0.0,274,274,91.0,91.0,0.0,-1,14,18,17,30,86
810,6,622,33.0,100.0,67.0,36,46,36.5,42.5,6.0,6,46,33.0,53.5,20.5,2,6,1,48,71,33
811,6,6,33.0,33.0,0.0,27,27,33.0,33.0,0.0,6,6,33.0,33.0,0.0,-1,8,1,57,4,79
812,296,398,96.0,100.0,4.0,88,88,84.5,84.5,0.0,88,88,84.5,84.5,0.0,4,4,30,73,7,64
813,0,0,11.5,11.5,0.0,0,0,11.5,11.5,0.0,0,0,11.5,11.5,0.0,-1,4,0,67,59,80
814,406,406,97.0,97.0,0.0,182,182,99.0,99.0,0.0,182,182,99.0,99.0,0.0,-1,6,29,41,0,67
815,16,632,43.5,100.0,56.5,34,44,45.0,49.0,4.0,16,44,43.5,53.5,10.0,2,4,3,83,46,33
816,28,129,45.0,79.0,34.0,46,46,38.5,38.5,0.0,28,29,45.0,45.0,0.0,5,6,4,40,64,68
817,96,302,71.0,96.0,25.0,72,72,82.5,82.5,0.0,72,72,82.5,82.5,0.0,3,3,6,64,77,46
818,277,893,100.0,100.0,0.0,56,56,95.0,95.0,0.0,56,56,95.0,95.0,0.0,2,2,36,99,2,51
819,78,78,58.0,58.0,0.0,122,122,72.5,72.5,0.0,78,78,58.0,58.0,0.0,-1,8,4,10,38,99
820,182,182,88.0,88.0,0.0,196,196,77.5,77.5,0.0,196,196,89.0,89.0,0.0,-1,12,14,3,32,80
821,0,206,13.0,92.0,79.0,0,26,13.0,35.0,22.0,0,26,13.0,48.0,35.0,3,5,1,63,45,35
822,100,100,70.0,70.0,0.0,100,100,50.5,50.5,0.0,100,100,70.0,70.0,0.0,5,10,6,12,77,55
823,22,124,41.5,77.0,35.5,54,54,36.0,36.0,0.0,22,24,41.5,43.0,1.5,4,8,3,42,51,88
824,22,228,46.0,91.0,45.0,56,56,49.5,49.5,0.0,22,28,46.0,48.5,2.5,3,6,2,74,52,4
825,46,662,52.0,100.0,48.0,64,84,53.0,65.0,12.0,46,84,52.0,69.0,17.0,2,5,2,50,75,18
826,62,268,55.0,94.0,39.0,102,102,64.5,64.5,0.0,62,102,55.0,77.0,22.0,3,8,4,30,64,12
827,84,290,66.0,95.0,29.0,64,64,61.5,61.5,0.0,64,64,64.5,64.5,0.0,3,5,9,49,31,83
828,0,0,13.0,13.0,0.0,0,0,13.0,13.0,0.0,0,0,13.0,13.0,0.0,-1,12,0,6,67,85
829,2,208,27.0,89.0,62.0,6,26,27.0,35.0,8.0,2,16,27.0,38.5,11.5,3,5,1,61,68,41
830,0,0,13.0,13.0,0.0,0,0,13.0,13.0,0.0,0,0,13.0,13.0,0.0,-1,4,1,73,50,96
831,16,222,43.5,91.0,47.5,30,34,42.0,44.5,2.5,16,34,43.5,51.0,7.5,3,4,1,83,4,62
832,110,212,77.0,91.0,14.0,142,142,81.0,81.0,0.0,110,112,78.0,79.0,1.0,4,8,7,39,21,4
833,40,142,60.5,91.0,30.5,56,56,89.5,89.5,0.0,40,56,82.0,89.5,7.5,4,2,2,98,94,54
834,16,16,42.5,42.5,0.0,38,38,60.0,60.0,0.0,16,16,42.5,42.5,0.0,-1,3,1,94,90,45
835,0,0,13.0,13.0,0.0,0,0,13.0,13.0,0.0,0,0,13.0,13.0,0.0,-1,4,0,47,82,96
836,0,206,12.5,92.5,80.0,0,10,12.5,29.5,17.0,0,10,12.5,34.0,21.5,3,3,0,82,36,43
837,217,833,92.0,100.0,8.0,196,196,94.0,94.0,0.0,196,196,94.0,94.0,0.0,2,9,16,26,18,10
838,2,618,27.0,100.0,73.0,12,48,28.0,35.0,7.0,2,18,27.0,39.5,12.5,2,9,1,28,78,90
839,32,238,47.5,91.0,43.5,98,98,55.0,55.0,0.0,32,98,47.5,63.5,16.0,3,8,2,10,52,24
840,0,102,13.0,74.0,61.0,0,5,13.0,26.5,13.5,0,2,13.0,27.5,14.5,4,4,0,83,96,65
841,22,22,40.0,40.0,0.0,90,90,39.0,39.0,0.0,22,22,40.0,40.0,0.0,-1,14,2,8,74,69
842,250,456,92.0,99.0,7.0,168,168,98.0,98.0,0.0,168,168,98.0,98.0,0.0,3,6,18,51,5,49
843,196,812,92.0,100.0,8.0,144,144,92.0,92.0,0.0,144,144,92.5,92.5,0.0,2,6,18,34,30,17
844,100,100,71.5,71.5,0.0,100,100,52.5,52.5,0.0,100,100,71.5,71.5,0.0,2,10,22,1,9,33
845,132,132,83.0,83.0,0.0,180,180,82.5,82.5,0.0,132,132,83.0,83.0,0.0,-1,11,8,38,8,86
846,100,100,77.5,77.5,0.0,100,100,98.5,98.5,0.0,100,100,98.5,98.5,0.0,3,3,6,94,34,4
847,100,100,71.0,71.0,0.0,100,100,61.0,61.0,0.0,100,100,71.0,71.0,0.0,-1,8,8,21,44,69
848,0,616,13.0,100.0,87.0,0,28,13.0,35.0,22.0,0,16,13.0,39.5,26.5,2,6,0,74,92,42
849,6,622,30.5,99.0,68.5,27,98,30.5,41.5,11.0,6,84,30.5,58.0,27.5,2,12,1,14,65,33
850,16,632,36.0,100.0,64.0,186,216,67.0,72.0,5.0,16,216,36.0,92.0,56.0,2,16,3,4,46,10
851,0,0,13.0,13.0,0.0,0,0,13.0,13.0,0.0,0,0,13.0,13.0,0.0,-1,11,0,38,59,66
852,0,206,12.5,94.0,81.5,0,12,12.5,35.5,23.0,0,12,12.5,38.0,25.5,3,2,0,91,59,6
853,58,258,61.0,94.0,33.0,48,48,64.0,64.0,0.0,48,48,65.5,65.5,0.0,3,3,8,87,17,30
854,0,206,12.5,92.0,79.5,0,14,12.5,36.0,23.5,0,14,12.5,42.5,30.0,3,3,0,85,89,31
855,174,380,90.0,100.0,10.0,72,72,83.0,83.0,0.0,72,72,83.0,83.0,0.0,3,3,17,82,6,12
856,32,134,44.5,80.0,35.5,58,58,39.5,39.5,0.0,32,34,44.5,45.0,0.5,4,8,2,42,75,55
857,0,1640,12.5,100.0,87.5,0,82,12.5,67.0,54.5,0,74,12.5,64.0,51.5,1,6,0,69,81,73
858,22,228,47.0,93.0,46.0,28,28,45.0,45.0,0.0,22,28,47.0,50.0,3.0,3,3,2,82,83,31
859,56,672,51.5,100.0,48.5,158,188,66.0,71.0,5.0,56,132,51.5,80.0,28.5,2,14,2,25,75,21
860,287,903,99.0,100.0,1.0,72,72,89.5,89.5,0.0,72,72,89.5,89.5,0.0,2,3,40,60,3,15
861,176,1816,90.0,100.0,10.0,232,256,95.5,97.0,1.5,176,256,90.0,97.0,7.0,1,10,9,36,39,2
862,100,100,76.5,76.5,0.0,100,100,82.5,82.5,0.0,100,100,82.5,82.5,0.0,4,5,29,45,0,49
863,67,67,65.0,65.0,0.0,70,70,62.5,62.5,0.0,70,70,67.0,67.0,0.0,-1,5,8,80,57,45
864,100,100,66.5,66.5,0.0,100,100,48.0,48.0,0.0,100,100,66.5,66.5,0.0,2,15,4,7,38,14
865,57,159,67.0,92.0,25.0,22,22,57.0,57.0,0.0,22,22,59.5,59.5,0.0,4,2,8,98,44,71
866,278,278,95.0,95.0,0.0,344,344,93.0,93.0,0.0,278,278,95.0,95.0,0.0,-1,17,15,20,16,87
867,62,678,52.0,100.0,48.0,156,160,60.0,60.0,0.0,62,110,52.0,76.0,24.0,2,16,3,4,54,20
868,12,628,34.5,100.0,65.5,24,42,32.0,36.0,4.0,12,42,34.5,50.0,15.5,2,6,2,71,63,32
869,6,108,32.0,76.0,44.0,42,42,35.0,35.0,0.0,6,8,32.0,34.0,2.0,4,9,2,54,42,60
870,0,206,13.0,92.0,79.0,0,14,13.0,33.0,20.0,0,11,13.0,36.0,23.0,3,5,0,37,81,41
871,100,100,71.5,71.5,0.0,100,100,52.5,52.5,0.0,100,100,71.5,71.5,0.0,5,10,19,1,15,58
872,76,276,63.5,97.0,33.5,34,34,41.0,41.0,0.0,34,34,46.5,46.5,0.0,3,4,13,67,24,22
873,162,778,84.0,100.0,16.0,240,240,89.0,89.0,0.0,162,184,84.0,84.0,0.0,2,12,9,2,39,83
874,100,100,70.5,70.5,0.0,100,100,52.5,52.5,0.0,100,100,70.5,70.5,0.0,2,11,9,38,31,8
875,0,616,13.0,100.0,87.0,0,80,13.0,44.5,31.5,0,80,13.0,58.5,45.5,2,9,0,28,79,19
876,188,188,88.0,88.0,0.0,120,120,82.0,82.0,0.0,120,120,83.5,83.5,0.0,-1,6,20,44,23,96
877,190,1830,87.0,100.0,13.0,252,296,82.5,88.0,5.5,190,296,87.0,94.0,7.0,1,14,13,16,33,0
878,8,8,35.0,35.0,0.0,26,26,38.0,38.0,0.0,8,8,35.0,35.0,0.0,-1,5,2,70,74,67
879,40,40,46.0,46.0,0.0,110,110,57.0,57.0,0.0,40,40,46.0,46.0,0.0,-1,14,6,25,73,97
880,0,0,13.0,13.0,0.0,0,0,13.0,13.0,0.0,0,0,13.0,13.0,0.0,-1,6,0,74,40,67
881,16,632,36.0,100.0,64.0,42,118,32.0,58.0,26.0,16,62,36.0,55.0,19.0,2,16,1,9,95,25
882,22,124,40.0,76.0,36.0,80,80,42.5,42.5,0.0,22,24,40.0,42.0,2.0,4,10,2,0,74,95
883,223,223,99.0,99.0,0.0,56,56,95.0,95.0,0.0,56,56,95.0,95.0,0.0,-1,2,30,99,7,69
884,0,206,13.0,93.0,80.0,0,24,13.0,39.5,26.5,0,24,13.0,51.0,38.0,3,4,0,72,96,20
885,76,692,63.5,100.0,36.5,134,134,73.0,73.0,0.0,76,92,63.5,68.0,4.5,2,9,6,31,77,71
886,0,102,12.5,76.0,63.5,0,13,12.5,26.0,13.5,0,2,12.5,25.5,13.0,4,10,0,36,87,4
887,88,294,67.5,93.0,25.5,158,158,84.0,84.0,0.0,88,106,67.5,80.0,12.5,3,9,7,31,62,72
888,0,616,13.0,100.0,87.0,0,56,13.0,46.0,33.0,0,56,13.0,57.0,44.0,2,6,1,44,50,19
889,100,100,73.5,73.5,0.0,100,100,82.5,81.5,-1.0,100,100,83.5,82.5,-1.0,1,5,29,49,1,63
890,49,665,53.0,100.0,47.0,122,132,63.5,66.0,2.5,49,132,53.0,81.0,28.0,2,12,4,2,22,1
891,16,222,38.5,93.0,54.5,36,40,38.5,41.5,3.0,16,24,38.5,46.0,7.5,3,5,2,52,42,83
892,0,206,13.0,91.0,78.0,0,22,13.0,30.0,17.0,0,10,13.0,32.0,19.0,3,9,1,31,69,43
893,2,618,30.0,100.0,70.0,5,28,30.5,49.5,19.0,2,28,30.0,51.0,21.0,2,3,1,60,65,5
894,134,134,82.0,82.0,0.0,100,100,75.0,75.0,0.0,100,100,76.5,76.5,0.0,-1,6,13,65,24,81
895,56,56,63.0,63.0,0.0,38,38,65.5,65.5,0.0,38,38,67.5,67.5,0.0,-1,3,6,92,77,98
896,2,208,30.5,93.0,62.5,8,20,31.0,35.5,4.5,2,15,30.5,42.0,11.5,3,4,1,73,65,41
897,102,102,83.5,83.5,0.0,32,32,66.5,66.5,0.0,32,32,67.0,67.0,0.0,-1,2,17,68,6,76
898,1,1641,26.0,100.0,74.0,2,42,26.0,83.0,57.0,1,42,26.0,83.0,57.0,1,2,1,93,68,70
899,138,738,86.5,100.0,13.5,64,64,66.5,66.5,0.0,64,64,68.0,68.0,0.0,2,4,14,79,32,33
900,46,1646,49.5,100.0,50.5,98,98,42.0,42.0,0.0,46,52,49.5,53.0,3.5,1,12,3,2,51,29
901,74,280,60.0,94.0,34.0,106,106,72.5,72.5,0.0,74,80,60.5,63.5,3.0,3,7,5,43,47,42
902,0,206,13.0,93.0,80.0,0,20,13.0,31.0,18.0,0,19,13.0,40.0,27.0,3,6,0,34,93,22
903,100,100,70.5,70.5,0.0,100,100,69.5,69.5,0.0,100,100,72.5,72.5,0.0,2,7,2,62,74,19
904,78,1678,63.0,100.0,37.0,142,142,80.0,80.0,0.0,78,142,63.0,84.5,21.5,1,8,7,57,62,19
905,204,204,92.0,92.0,0.0,120,120,88.0,88.0,0.0,120,120,88.0,88.0,0.0,-1,6,16,65,12,40
906,40,246,53.0,94.0,41.0,72,72,46.0,46.0,0.0,40,72,53.5,58.0,4.5,3,7,6,24,73,22
907,236,236,92.0,92.0,0.0,174,174,93.0,93.0,0.0,174,174,94.0,94.0,0.0,-1,7,14,24,32,92
908,38,244,53.0,93.0,40.0,118,118,71.0,71.0,0.0,38,118,53.0,80.0,27.0,3,8,6,57,70,13
909,16,632,37.5,100.0,62.5,72,82,46.0,47.5,1.5,16,82,37.5,58.0,20.5,2,7,2,46,94,20
910,100,100,77.5,77.5,0.0,100,100,98.5,98.5,0.0,100,100,98.5,98.5,0.0,-1,3,6,94,34,40
911,88,704,67.5,100.0,32.5,158,158,84.0,84.0,0.0,88,158,67.5,87.0,19.5,2,9,7,31,62,15
912,16,16,37.5,37.5,0.0,41,41,32.5,32.5,0.0,16,16,37.5,37.5,0.0,-1,10,1,12,65,66
913,40,246,46.0,90.0,44.0,172,172,66.5,66.5,0.0,40,46,46.0,48.5,2.5,3,17,3,20,46,49
914,122,224,80.0,94.0,14.0,66,66,54.5,54.5,0.0,66,66,63.5,63.5,0.0,4,6,14,34,14,42
915,6,6,33.0,33.0,0.0,14,14,34.5,34.5,0.0,6,6,33.0,33.0,0.0,-1,3,1,96,4,79
916,16,222,38.5,93.0,54.5,76,76,53.5,53.5,0.0,16,36,38.5,50.0,11.5,3,6,1,65,53,72
917,214,214,90.0,90.0,0.0,142,142,74.0,74.0,0.0,142,142,83.5,83.5,0.0,-1,8,16,42,18,79
918,90,1730,75.0,100.0,25.0,54,88,64.5,85.0,20.5,54,88,68.5,85.0,16.5,1,4,14,72,32,37
919,100,100,75.0,75.0,0.0,100,100,57.5,57.5,0.0,100,100,75.0,75.0,0.0,1,9,20,31,23,14
920,100,100,71.5,71.5,0.0,100,100,48.5,48.5,0.0,100,100,71.5,71.5,0.0,-1,11,30,33,7,96
921,40,656,48.5,100.0,51.5,128,128,71.0,71.0,0.0,40,60,49.0,55.0,6.0,2,9,1,29,90,43
922,76,676,63.0,100.0,37.0,70,70,60.5,60.5,0.0,70,70,65.0,65.0,0.0,2,5,7,63,21,6
923,126,227,85.5,95.0,9.5,38,38,63.5,63.5,0.0,38,38,64.0,64.0,0.0,5,3,16,60,12,65
924,42,248,62.5,100.0,37.5,46,46,89.0,89.0,0.0,42,46,87.0,89.0,2.0,3,2,2,97,74,75
925,14,115,46.0,87.0,41.0,12,12,45.5,45.5,0.0,12,12,48.0,48.0,0.0,7,2,6,97,70,58
926,0,206,13.0,88.0,75.0,0,34,13.0,33.5,20.5,0,6,13.0,30.5,17.5,3,7,0,24,92,90
927,100,100,69.5,69.5,0.0,100,100,63.5,63.5,0.0,100,100,71.5,71.5,0.0,2,7,40,43,3,75
928,0,0,13.0,13.0,0.0,0,0,13.0,13.0,0.0,0,0,13.0,13.0,0.0,-1,6,0,41,98,67
929,86,86,69.5,69.5,0.0,64,64,71.0,71.0,0.0,64,64,72.0,72.0,0.0,-1,4,6,73,13,91
930,100,100,71.0,71.0,0.0,100,100,89.0,89.0,0.0,100,100,89.0,89.0,0.0,3,4,18,83,5,39
931,176,277,91.0,95.0,4.0,48,48,68.5,68.5,0.0,48,48,70.0,70.0,0.0,6,3,15,82,16,78
932,136,752,80.0,100.0,20.0,206,206,91.5,91.5,0.0,136,160,80.5,86.0,5.5,2,9,4,28,72,70
933,174,774,89.0,100.0,11.0,88,88,81.0,81.0,0.0,88,88,81.5,81.5,0.0,2,4,16,79,12,39
934,0,206,13.0,91.0,78.0,0,30,13.0,35.0,22.0,0,30,13.0,47.0,34.0,3,5,0,52,91,23
935,0,616,13.0,100.0,87.0,0,74,13.0,41.5,28.5,0,74,13.0,60.0,47.0,2,9,0,23,91,37
936,28,28,46.5,46.5,0.0,50,50,47.0,47.0,0.0,28,28,46.5,46.5,0.0,-1,5,3,50,54,87
937,0,206,12.5,92.0,79.5,0,18,12.5,40.0,27.5,0,18,12.5,47.0,34.5,3,3,0,76,81,21
938,67,67,72.0,72.0,0.0,46,46,82.5,82.5,0.0,46,46,82.5,82.5,0.0,-1,2,8,86,57,50
939,0,1640,13.0,100.0,87.0,0,134,13.0,65.0,52.0,0,134,13.0,80.0,67.0,1,10,0,1,92,9
940,0,616,13.0,100.0,87.0,0,74,13.0,42.5,29.5,0,74,13.0,57.0,44.0,2,9,0,28,59,33
941,0,616,13.0,100.0,87.0,0,46,13.0,36.5,23.5,0,38,13.0,50.0,37.0,2,8,0,10,59,13
942,0,616,13.0,100.0,87.0,0,36,13.0,41.0,28.0,0,36,13.0,52.0,39.0,2,5,0,49,36,44
943,16,632,41.5,100.0,58.5,28,28,45.0,45.0,0.0,16,28,41.5,50.0,8.5,2,3,2,82,42,6
944,16,118,41.0,81.5,40.5,42,42,42.5,42.5,0.0,16,20,41.0,45.5,4.5,4,6,1,32,88,74
945,0,101,13.0,80.5,67.5,0,4,13.0,26.5,13.5,0,1,13.0,26.5,13.5,5,4,0,73,82,55
946,16,222,37.5,90.0,52.5,46,70,34.0,39.0,5.0,16,36,37.5,46.0,8.5,3,10,1,12,88,72
947,56,56,60.0,60.0,0.0,54,54,61.0,61.0,0.0,54,54,64.0,64.0,0.0,-1,4,6,73,77,45
948,0,0,12.5,12.5,0.0,0,0,12.5,12.5,0.0,0,0,12.5,12.5,0.0,-1,6,0,40,85,84
949,26,232,53.0,95.0,42.0,34,34,51.0,51.0,0.0,25,34,53.0,57.5,4.5,3,4,6,72,41,61
950,22,228,47.0,95.0,48.0,56,56,47.5,47.5,0.0,22,42,47.0,56.0,9.0,3,6,2,32,52,62
951,0,0,13.0,13.0,0.0,0,0,13.0,13.0,0.0,0,0,13.0,13.0,0.0,-1,3,0,58,89,84
952,217,833,95.0,100.0,5.0,168,168,97.0,97.0,0.0,168,168,97.0,97.0,0.0,2,6,20,32,23,57
953,102,102,71.0,71.0,0.0,124,124,86.0,86.0,0.0,102,102,74.0,74.0,0.0,-1,6,7,40,62,36
954,96,712,75.0,100.0,25.0,48,48,68.5,68.5,0.0,48,48,70.0,70.0,0.0,2,3,13,82,24,57
955,294,500,97.0,98.0,1.0,368,368,96.0,96.0,0.0,294,302,97.0,97.0,0.0,3,17,18,20,30,63
956,92,1732,68.0,100.0,32.0,80,104,69.0,85.5,16.5,80,104,70.0,85.5,15.5,1,5,12,80,37,33
957,6,6,29.0,29.0,0.0,20,20,28.0,28.0,0.0,6,6,29.0,29.0,0.0,-1,14,2,17,58,92
958,239,445,93.0,100.0,7.0,144,144,95.0,95.0,0.0,144,144,95.0,95.0,0.0,3,6,15,71,16,22
959,56,672,57.0,100.0,43.0,68,68,74.5,74.5,0.0,56,68,66.0,75.0,9.0,2,4,2,67,83,64
960,136,752,82.5,100.0,17.5,254,254,91.0,91.0,0.0,136,168,82.5,86.0,3.5,2,12,4,14,38,26
961,126,742,79.0,100.0,21.0,260,260,76.0,76.0,0.0,126,188,79.0,85.5,6.5,2,16,8,9,17,34
962,0,616,13.0,100.0,87.0,0,124,13.0,60.0,47.0,0,124,13.0,79.0,66.0,2,14,0,16,76,10
963,0,102,11.5,79.0,67.5,0,6,11.5,24.0,12.5,0,2,11.5,25.0,13.5,4,4,0,67,84,4
964,0,0,12.5,12.5,0.0,0,0,12.5,12.5,0.0,0,0,12.5,12.5,0.0,-1,2,0,89,67,96
965,42,248,60.0,97.0,37.0,46,46,82.5,82.5,0.0,42,46,81.0,82.5,1.5,3,2,2,90,75,13
966,16,222,41.0,95.0,54.0,42,42,42.5,42.5,0.0,16,22,41.0,46.5,5.5,3,6,1,32,88,71
967,86,292,64.5,96.0,31.5,86,86,60.0,60.0,0.0,86,86,68.0,68.0,0.0,3,6,6,59,13,90
968,155,755,84.0,100.0,16.0,80,80,55.5,55.5,0.0,80,80,62.5,62.5,0.0,2,5,20,52,23,11
969,138,138,84.0,84.0,0.0,110,110,82.0,82.0,0.0,110,110,83.5,83.5,0.0,-1,6,9,48,31,92
970,16,632,38.0,100.0,62.0,78,88,45.0,49.0,4.0,16,88,38.0,60.5,22.5,2,8,3,10,46,12
971,186,186,87.0,87.0,0.0,152,152,79.0,79.0,0.0,152,152,85.5,85.5,0.0,-1,8,14,15,14,69
972,0,616,12.5,100.0,87.5,0,86,12.5,43.5,31.0,0,67,12.5,56.0,43.5,2,10,0,36,96,17
973,192,192,92.0,92.0,0.0,88,88,85.5,85.5,0.0,88,88,85.5,85.5,0.0,-1,4,22,72,9,69
974,260,876,92.5,100.0,7.5,372,382,97.0,97.5,0.5,260,299,92.5,97.0,4.5,2,17,12,20,37,22
975,235,441,94.0,100.0,6.0,56,56,85.0,85.0,0.0,56,56,85.5,85.5,0.0,3,2,29,68,0,13
976,193,793,93.0,100.0,7.0,112,112,95.5,95.5,0.0,112,112,95.5,95.5,0.0,2,4,20,53,23,11
977,315,521,96.0,100.0,4.0,96,96,92.5,92.5,0.0,96,96,92.5,92.5,0.0,3,3,29,82,11,48
978,104,206,75.0,89.0,14.0,174,174,76.5,76.5,0.0,104,106,75.0,75.0,0.0,4,10,5,18,47,65
979,0,616,13.0,100.0,87.0,0,22,13.0,58.0,45.0,0,22,13.0,59.0,46.0,2,2,0,95,96,52
980,212,212,95.0,95.0,0.0,38,38,63.5,63.5,0.0,38,38,64.0,64.0,0.0,-1,3,27,60,10,82
981,0,206,13.0,89.0,76.0,0,28,13.0,33.5,20.5,0,9,13.0,37.0,24.0,3,8,1,57,69,64
982,0,0,13.0,13.0,0.0,0,0,13.0,13.0,0.0,0,0,13.0,13.0,0.0,-1,6,0,44,87,93
983,182,782,95.0,100.0,5.0,32,32,72.0,72.0,0.0,32,32,72.5,72.5,0.0,2,2,22,86,9,3
984,0,206,13.0,93.0,80.0,0,12,13.0,34.5,21.5,0,12,13.0,41.0,28.0,3,4,1,72,45,38
985,186,786,92.0,100.0,8.0,104,104,89.0,89.0,0.0,104,104,89.5,89.5,0.0,2,5,17,49,6,77
986,100,100,65.0,65.0,0.0,100,100,46.0,46.0,0.0,100,100,65.0,65.0,0.0,1,16,29,4,1,3
987,0,1640,13.0,100.0,87.0,0,72,13.0,38.0,25.0,0,48,13.0,50.0,37.0,1,11,1,33,45,43
988,80,80,78.5,78.5,0.0,32,32,76.5,76.5,0.0,32,32,77.0,77.0,0.0,-1,2,14,97,14,92
989,0,616,13.0,100.0,87.0,0,66,13.0,37.0,24.0,0,40,13.0,50.5,37.5,2,10,0,18,80,47
990,2,618,30.5,100.0,69.5,8,44,31.0,51.5,20.5,2,44,30.5,56.5,26.0,2,4,1,73,65,3
991,76,76,63.0,63.0,0.0,76,76,60.5,60.5,0.0,76,76,66.5,66.5,0.0,-1,6,6,34,13,91
992,16,16,46.0,46.0,0.0,30,30,45.5,45.5,0.0,16,16,46.5,46.5,0.0,-1,4,2,77,42,45
993,52,258,61.0,94.0,33.0,54,54,61.5,61.5,0.0,54,54,64.5,64.5,0.0,3,4,5,84,25,62
994,192,294,92.0,97.0,5.0,48,48,66.5,66.5,0.0,48,48,69.0,69.0,0.0,4,3,22,58,9,71
995,2,208,27.0,92.5,65.5,11,32,28.0,35.5,7.5,2,22,27.0,46.0,19.0,3,6,1,59,95,38
996,76,692,62.5,100.0,37.5,64,64,62.0,62.0,0.0,64,64,65.5,65.5,0.0,2,4,7,53,21,44
997,100,100,69.5,69.5,0.0,100,100,63.5,63.5,0.0,100,100,71.5,71.5,0.0,2,7,2,43,74,10
998,16,16,38.0,38.0,0.0,90,90,38.0,38.0,0.0,16,16,38.0,38.0,0.0,-1,13,2,13,42,50
999,0,616,13.0,100.0,87.0,0,28,13.0,49.5,36.5,0,28,13.0,51.0,38.0,2,3,0,60,91,11
